date,status,speaker,title,url,last_checked,language,type,description
2020-04-27,Success,Ibale Stephen,"Have You Recieved The Holyghost Since You Believed, Not When You Believed -  Pastor Ibale Stephen",https://www.youtube.com/watch?v=R9sgtcB-oTg,2025-12-30,Unknown,Full Sermon,
2020-04-27,Success,Ibale Stephen,Living Above The Elements -  Pastor Ibale Stephen,https://www.youtube.com/watch?v=4lrnGZ3FjEo,2025-12-30,Unknown,Full Sermon,
2020-04-27,Success,Ibale Stephen,Pruning -  Pastor Ibale Stephen,https://www.youtube.com/watch?v=jHe4ri9BKF0,2025-12-30,Unknown,Full Sermon,
2020-04-27,Success,Ibale Stephen,The Door In Sodom - Pastor Ibale Stephen,https://www.youtube.com/watch?v=UyHtZlQULOI,2025-12-30,Unknown,Full Sermon,
2020-04-27,Success,Ibale Stephen,The Ministry And Its Message - Pastor Ibale Stephen,https://www.youtube.com/watch?v=qTVXu5y6iho,2025-12-30,Unknown,Full Sermon,
2020-04-27,Success,Ibale Stephen,The Word Works By Humility  - Pastor Ibale Stephen,https://www.youtube.com/watch?v=-QFCkgHPgcc,2025-12-30,Unknown,Full Sermon,
2020-05-04,Success,Ibale Stephen,Knowing As We Were Known -  Pastor Ibale Stephen,https://www.youtube.com/watch?v=oh3jx_mzZJg,2025-12-30,Unknown,Full Sermon,
2020-05-04,Success,Ibale Stephen,The Ministry Of The Kinsman  - Pastor Ibale Stephen,https://www.youtube.com/watch?v=cyP7yFqUSH4,2025-12-30,Unknown,Full Sermon,
2020-05-04,Success,Ibale Stephen,When I See The Life Of The Sacrifice -  Pastor Ibale Stephen,https://www.youtube.com/watch?v=loySpu2pmh0,2025-12-30,Unknown,Full Sermon,
2020-05-06,Success,Ibale Stephen,"Finally Brethren, Be You Strong In The Lord -  Pastor Ibale Stephen",https://www.youtube.com/watch?v=w91zjvLPqdU,2025-12-30,Unknown,Full Sermon,
2020-05-06,Success,Ibale Stephen,Grace And Chatisement -  Pastor Ibale Stephen,https://www.youtube.com/watch?v=-YiglENwUX4,2025-12-30,Unknown,Full Sermon,
2020-05-06,Success,Ibale Stephen,You Are A Prophetic Fullfillment -  Pastor Ibale Stephen,https://www.youtube.com/watch?v=9bjqLAo4oxI,2025-12-30,Unknown,Full Sermon,
2020-05-13,Success,Ibale Stephen,Abba Father - Pastor Ibale Stephen,https://www.youtube.com/watch?v=WZCv-u_JpFc,2025-12-30,Unknown,Full Sermon,
2020-05-13,Success,Ibale Stephen,Being Transformed Into His Image -  Pastor Ibale Stephen,https://www.youtube.com/watch?v=FDvoF_ZeYs0,2025-12-30,Unknown,Full Sermon,
2020-05-13,Success,Ibale Stephen,Fear  - Pastor Ibale Stephen,https://www.youtube.com/watch?v=fFnztbmJQLk,2025-12-30,Unknown,Full Sermon,
2020-05-18,Success,Ibale Stephen,"Identified With Jehovah God, The Possessor Of All Things In His Suffering -  Pastor Ibale Stephen",https://www.youtube.com/watch?v=yFdZwDJkVHU,2025-12-30,Unknown,Full Sermon,
2020-05-18,Success,Ibale Stephen,God's Living Testimonies -  Pastor Ibale Stephen,https://www.youtube.com/watch?v=jmLTKPFHbY8,2025-12-30,Unknown,Full Sermon,
2020-05-18,Success,Ibale Stephen,Grace Of Pentecost -  Pastor Ibale Stephen,https://www.youtube.com/watch?v=CLNWcHvRXQ8,2025-12-30,Unknown,Full Sermon,
2020-05-18,Success,Ibale Stephen,Keeping Close To The Altar -  Pastor Ibale Stephen,https://www.youtube.com/watch?v=sjRu5TIubS4,2025-12-30,Unknown,Full Sermon,
2020-05-18,Success,Ibale Stephen,Loosed From Sin  - Pastor Ibale Stephen,https://www.youtube.com/watch?v=916jZZ1UMXw,2025-12-30,Unknown,Full Sermon,
2020-05-18,Success,Ibale Stephen,The Purpose Of Our Pains -  Pastor Ibale Stephen,https://www.youtube.com/watch?v=b1tGCOrt8CQ,2025-12-30,Unknown,Full Sermon,
2020-05-22,Success,Ibale Stephen,Resting In Grace -  Pastor Ibale Stephen,https://www.youtube.com/watch?v=grqdUIYuVNI,2025-12-30,Unknown,Full Sermon,
2020-05-22,Success,Ibale Stephen,The Dynamics Of God's Love Part 1 -  Pastor Ibale Stephen,https://www.youtube.com/watch?v=g_-xvbvrIWo,2025-12-30,Unknown,Full Sermon,
2021-01-30,Success,Unknown Speaker,Our High Calling of God In Christ,https://www.youtube.com/watch?v=lQ-127oWtZM,2025-12-28,Unknown,Full Sermon,
2023-01-29,Success,Andrew Furlonge,29-01-23 || Sunday Evening Service || Ultimate Filter - Pr Andrew Furlonge | 2 |  #innerveil,https://www.youtube.com/watch?v=aY6LTrvx3aw,2025-12-30,Unknown,Full Sermon,
2023-02-05,Success,Unknown Speaker,05-02-23 || Original Composition Worship and Praise  #innerveil,https://www.youtube.com/watch?v=hdxsoptAuVI,2025-12-30,Unknown,Full Sermon,
2023-02-12,Success,Stephen Ibale,12-02-23 || Sunday Service || The New Birth and It's Life  || Pr Stephen Ibale  #innerveilministries,https://www.youtube.com/watch?v=0VZr5xZj0ak,2025-12-30,Unknown,Full Sermon,
2023-02-12,Success,Stephen Ibale,12-02-23 || Sunday Service || The New Birth and It's Life (Continuation) || Pr Stephen Ibale,https://www.youtube.com/watch?v=-FLlGe1aY38,2025-12-30,Unknown,Full Sermon,
2023-02-19,Success,Stephen Ibale,19-02-23 || Sunday Service || Making Ourselves of No Reputation || Pr Stephen Ibale,https://www.youtube.com/watch?v=T1b13p2q5Qs,2025-12-30,Unknown,Full Sermon,
2023-02-26,Success,Stephen Ibale,26-02-23 || Marriage Service || Moments of Humility in Marriage  || Pr Stephen Ibale,https://www.youtube.com/watch?v=hiO_XNFC3KA,2025-12-30,Unknown,Full Sermon,
2023-02-26,Success,Stephen Ibale,26-02-23 || Marriage Service || Moments of Humility in Marriage (Continuation)  || Pr Stephen Ibale,https://www.youtube.com/watch?v=jbTOTYb-aCY,2025-12-30,Unknown,Full Sermon,
2023-02-26,Success,Stephen Ibale,26-02-23 || Sunday Service || The Clean Hands of  Zerubbabel || Pr Stephen Ibale,https://www.youtube.com/watch?v=Tw-NHZSUe9A,2025-12-30,Unknown,Full Sermon,
2023-02-26,Success,Joshua,Glory and Honor By Brother Joshua N  Muwanguzi,https://www.youtube.com/watch?v=Uojd7ZXCMrk,2025-12-28,Unknown,Song / Worship,
2023-03-05,Success,James Katumba,Beholding the Face of God || Pastor James Katumba || Sunday Service || 05-03-23,https://www.youtube.com/watch?v=cUMDPedUqhs,2025-12-30,Unknown,Full Sermon,
2023-03-05,Success,James Katumba,Beholding the Face of God (continuation)  || Pastor James Katumba  || Sunday Service ||  05-03-23 ||,https://www.youtube.com/watch?v=WYZO6jAxQCQ,2025-12-30,Unknown,Full Sermon,
2023-03-05,Success,Unknown Speaker,Song Service || 05-03-23,https://www.youtube.com/watch?v=ZkaD3Sr_khs,2025-12-30,Unknown,Full Sermon,
2023-03-09,Success,Angella Ongaba,Perfect Faith by Sister Angella Ongaba,https://www.youtube.com/watch?v=QH5T0gS0SdQ,2025-12-28,Unknown,Song / Worship,
2023-03-09,Success,Joshua Muwanguzi Ngobi,"With God's Armor, Stand by Brother Joshua Muwanguzi Ngobi",https://www.youtube.com/watch?v=a30FqKAlgPs,2025-12-28,Unknown,Song / Worship,
2023-03-09,Success,Ruth Ojok Muwanguzi,Casting all thy Cares on Him by Sister Ruth Ojok Muwanguzi,https://www.youtube.com/watch?v=YivwHW5ht4M,2025-12-28,Unknown,Song / Worship,
2023-03-09,Success,Gejje William,He is Life by Brother Gejje William,https://www.youtube.com/watch?v=ptxSdAGXh60,2025-12-28,Unknown,Song / Worship,
2023-03-09,Success,Faith Ibale,I Lay Me Down by Sister Faith Ibale,https://www.youtube.com/watch?v=3cgHFDROtzk,2025-12-28,Unknown,Song / Worship,
2023-03-09,Success,Elijah Mwesigwa Ngobi,Jesus Is The Answer by Brother Elijah Mwesigwa Ngobi,https://www.youtube.com/watch?v=KkdhTRv-bAs,2025-12-28,Unknown,Song / Worship,
2023-03-09,Success,Joshua Muwanguzi Ngobi,Kanesigenga Iwe by Brother Joshua Muwanguzi Ngobi,https://www.youtube.com/watch?v=N-fWnqQC1SQ,2025-12-28,Unknown,Song / Worship,
2023-03-09,Success,Joshua Ngobi Muwanguzi,Point Me to Jesus by Brother Joshua Ngobi Muwanguzi,https://www.youtube.com/watch?v=4jw-2Lwf-D4,2025-12-28,Unknown,Song / Worship,
2023-03-10,Success,Joseph Mwisaka,He is Everything I Need by Brother Joseph Mwisaka,https://www.youtube.com/watch?v=4fampbL61r8,2025-12-28,Unknown,Song / Worship,
2023-03-10,Success,Steven Wante,Mukulu Ali mu nze by Brother Steven Wante & Brother Joshua Muwanguzi N,https://www.youtube.com/watch?v=q3kKdeYrHws,2025-12-28,Unknown,Song / Worship,
2023-03-10,Success,Joshua Muwanguzi Ngobi,No Condemnation by Brother Joshua Muwanguzi Ngobi,https://www.youtube.com/watch?v=QtcZigKMUuk,2025-12-28,Unknown,Song / Worship,
2023-03-10,Success,Joshua Muwanguzi Ngobi,Nolonger I by Brother Joshua Muwanguzi Ngobi,https://www.youtube.com/watch?v=D-rm106wZB8,2025-12-28,Unknown,Song / Worship,
2023-03-10,Success,Jonathan Byakika,Precious Memories by Brother Jonathan Byakika,https://www.youtube.com/watch?v=HKVgvnlT7AY,2025-12-28,Unknown,Song / Worship,
2023-03-10,Success,Dan Ngobi,Use What I have to praise Him by Brother Dan Ngobi,https://www.youtube.com/watch?v=fTBsBS_iRJY,2025-12-28,Unknown,Song / Worship,
2023-03-10,Success,Joseph Mwisaka,When He was on the Cross & Holy High Way by Brother Joseph Mwisaka,https://www.youtube.com/watch?v=2S7njiEJ0D8,2025-12-28,Unknown,Song / Worship,
2023-03-10,Success,Faith Magambo,Why do You doubt by Sister Faith Magambo,https://www.youtube.com/watch?v=TRMVHPqBhTo,2025-12-28,Unknown,Song / Worship,
2023-03-12,Success,Ibale Stephen,Abraham The Blessing || Pastor Ibale Stephen  || Sunday Service ||  12-03-23,https://www.youtube.com/watch?v=utYR5NHCqVQ,2025-12-30,Unknown,Full Sermon,
2023-03-19,Success,Faith Ibale,Let The Death Angel Pass by Sister Faith Ibale,https://www.youtube.com/watch?v=DuB1pUQ9lyo,2025-12-28,Unknown,Song / Worship,
2023-03-19,Success,Katumba James,The Token is the Life of Christ || Pastor Katumba James  || Sunday Service ||  19-03-23,https://www.youtube.com/watch?v=tABWNY7OWVg,2025-12-30,Unknown,Full Sermon,
2023-03-26,Success,James Katumba,Becoming Part of The New Testament || Pastor James Katumba ||  Sunday Service ||  26-03-23,https://www.youtube.com/watch?v=8Fnv-jmQhb0,2025-12-30,Unknown,Full Sermon,
2023-03-26,Success,Unknown Speaker,The Original Life,https://www.youtube.com/watch?v=sH1TmNr4d0c,2025-12-28,Unknown,Song / Worship,
2023-03-26,Success,Unknown Speaker,When Jesus Comes,https://www.youtube.com/watch?v=Xkg8Cx_R38o,2025-12-28,Unknown,Song / Worship,
2023-04-02,Success,James Katumba,Grace To Live Upright || Pastor James Katumba || Sunday Service ||  02-04-23,https://www.youtube.com/watch?v=hQtPHOof1Ck,2025-12-30,Unknown,Full Sermon,
2023-04-09,Success,Ibale Stephen,By Passing The Judicial System - The Power of The Easter Seal || Pastor Ibale Stephen  ||  09-04-23,https://www.youtube.com/watch?v=LQD7ilj1Rkk,2025-12-30,Unknown,Full Sermon,
2023-04-16,Success,Ibale Stephen,John In The Breach  || Pastor Ibale Stephen   ||  Sunday Service  ||  16-04-23,https://www.youtube.com/watch?v=2k-CNXcrFes,2025-12-30,Unknown,Full Sermon,
2023-04-23,Success,Ibale Stephen,Sunday Service  || Christ In The Breach - The Ministry In The End Time || Pastor Ibale Stephen,https://www.youtube.com/watch?v=DmpdHV-9-y8,2025-12-30,Unknown,Full Sermon,
2023-04-29,Success,Unknown Speaker,Jonah Weds Agnes,https://www.youtube.com/watch?v=IeenKOye3lA,2025-12-28,Unknown,Full Sermon,
2023-04-30,Success,Ipu Bonaya,What Is Your Greatest Desire ? || Pastor Ipu Bonaya || Sunday Service || 30-04-23,https://www.youtube.com/watch?v=CYW_7c19alk,2025-12-30,Unknown,Full Sermon,
2023-05-07,Success,Ibale Stephen,Christ in The Breach - Different Views into the Breach || Pastor Ibale Stephen || 07-05-23,https://www.youtube.com/watch?v=s70zt6L1Ct4,2025-12-30,Unknown,Full Sermon,
2023-05-14,Success,James Katumba,Being Perfect in Your Generation || Pastor James Katumba || 14-05-23,https://www.youtube.com/watch?v=1YjfOFKyIAY,2025-12-30,Unknown,Full Sermon,
2023-05-21,Success,Stephen Ibale,Christ In The Breach - The Blood On The Altar || Pastor Stephen Ibale || 21-05-23,https://www.youtube.com/watch?v=iArSHFbnWlI,2025-12-30,Unknown,Full Sermon,
2023-05-27,Success,Unknown Speaker,Martin Weds Comfort,https://www.youtube.com/watch?v=jL6xLxISceE,2025-12-28,Unknown,Full Sermon,
2023-05-28,Success,Ibale Stephen,Christ In The Breach-Conditions Before The Breach | Part One | Pastor Ibale Stephen |  28-05-23,https://www.youtube.com/watch?v=kawCPXK6e7c,2025-12-30,Unknown,Full Sermon,
2023-05-28,Success,Ibale Stephen,Christ In The Breach-Conditions Before The Breach | Part Two | Pastor Ibale Stephen |  28-05-23,https://www.youtube.com/watch?v=qeooiV7AX-U,2025-12-30,Unknown,Full Sermon,
2023-06-04,Success,James Katumba,Prospering Through The Prophecy Of Elijah | Pastor James Katumba | Sunday Service | 4-06-23,https://www.youtube.com/watch?v=yxV8IkEAfrY,2025-12-30,Unknown,Full Sermon,
2023-06-11,Success,Stephen Ibale,Christ In The Breach - Naked Souls | Pastor Stephen Ibale | Sunday Service | 11-06-23,https://www.youtube.com/watch?v=BuOHYe0puG8,2025-12-30,Unknown,Full Sermon,
2023-06-18,Success,James Katumba,Being One In Marriage | Pastor James Katumba |  Sunday Afternoon Service  | 18-06-23,https://www.youtube.com/watch?v=FtAW07dBuxw,2025-12-30,Unknown,Full Sermon,
2023-06-18,Success,Stephen Ibale,Christ In The Breach - He's Directly Coming To The Jews | Pastor Stephen Ibale |  | 18-06-23,https://www.youtube.com/watch?v=AsSf1TSiiVQ,2025-12-30,Unknown,Full Sermon,
2023-06-25,Success,Andreas Ringen,After Revival Has Begun   ||   Pastor Andreas Ringen   ||   Sunday  Morning Service  || 25-06-23,https://www.youtube.com/watch?v=mKfeup4m4Pc,2025-12-30,Unknown,Full Sermon,
2023-06-25,Success,Andreas Ringen,After Revival Has Begun (Continuation)  ||  Pastor Andreas Ringen || Sunday  Afternoon  ||  25-06-23,https://www.youtube.com/watch?v=P_kt-7Z50GU,2025-12-30,Unknown,Full Sermon,
2023-07-02,Success,James Katumba,Strengthen Thy Brethren  ||  Pastor James Katumba || Sunday Afternoon Service    ||  02-07-23,https://www.youtube.com/watch?v=QgQVafW7qsY,2025-12-30,Unknown,Full Sermon,
2023-07-09,Success,Michael Kasamba,The Well In The Valley Of Baca ||  Brother  Michael Kasamba  || Sunday  Service    ||  09-07-23,https://www.youtube.com/watch?v=0f7iOBked2g,2025-12-30,Unknown,Full Sermon,
2023-07-16,Success,Ibale Stephen,He Shall Bruise Thy Head  || Pastor  Ibale Stephen  ||  Sunday  Service    ||  16-07-23,https://www.youtube.com/watch?v=PcTifLzpXIo,2025-12-30,Unknown,Full Sermon,
2023-07-23,Success,Mugalu Theodore,Contacting & Uprooting The Root Of Sin  || Pastor Mugalu Theodore || Sunday  Service    || 23-07-23,https://www.youtube.com/watch?v=0JJvmEKi8wo,2025-12-30,Unknown,Full Sermon,
2023-07-30,Success,Ibale Stephen,Faith Cometh by Hearing  || Pastor Ibale Stephen   ||  Sunday  Service    || 30-07-23,https://www.youtube.com/watch?v=mRwtIy8j_UM,2025-12-30,Unknown,Full Sermon,
2023-07-30,Success,Ibale Stephen,Faith Cometh by Hearing (Continuation)  || Pastor Ibale Stephen   ||  Sunday  Service    || 30-07-23,https://www.youtube.com/watch?v=EzWMcSOReIk,2025-12-30,Unknown,Full Sermon,
2023-07-30,Success,James Katumba,Handling Challenges in Your Marriage  ||  Pastor James Katumba  ||  Afternoon Service    || 30-07-23,https://www.youtube.com/watch?v=jO56ksWniIo,2025-12-30,Unknown,Full Sermon,
2023-08-06,Success,John Mbugua Kamwati,Laying In His Presence  ||  Brother  John Mbugua  Kamwati  ||  Sunday Service  || 06-08-23,https://www.youtube.com/watch?v=P6IdqS2BoAQ,2025-12-30,Unknown,Full Sermon,
2023-08-12,Success,Unknown Speaker,Dan Weds Grace       ||     Church Service     ||    12-08-23,https://www.youtube.com/watch?v=VsDwXIbtOVw,2025-12-30,Unknown,Full Sermon,
2023-08-13,Success,Ibale Richard Stephen,Wisdom From The East   |   Pastor Ibale  Richard Stephen    |   Sunday Service    |    13-08-23,https://www.youtube.com/watch?v=pTbuUptGBeM,2025-12-30,Unknown,Full Sermon,
2023-08-20,Success,Ibale Richard Stephen,The Essence Of Giving  |   Pastor Ibale  Richard Stephen     |   Sunday Service    |    20-08-23,https://www.youtube.com/watch?v=IwQrmsTBNCc,2025-12-30,Unknown,Full Sermon,
2023-08-27,Success,Robert Kabasi,The Sword Of The King  |  Sunday service   |    Pastor Robert Kabasi  |    27-08-23,https://www.youtube.com/watch?v=4pYXNoRgTwo,2025-12-30,Unknown,Full Sermon,
2023-09-03,Success,Katumba James,The Sweetness Of Fellowship    |    Pastor Katumba James  |   Sunday Service   |   03 -09-23,https://www.youtube.com/watch?v=8JEEd7Dt7uA,2025-12-30,Unknown,Full Sermon,
2023-09-03,Success,Ibale Richard Stephen,The Tent Of  The Testimony    |    Pastor Ibale Richard Stephen  |   Sunday Service   |   03 -09-23,https://www.youtube.com/watch?v=j-t8vy2TEwI,2025-12-30,Unknown,Full Sermon,
2023-09-10,Success,Katumba James,Knowing The End From The Beginning   |   Pastor Katumba James  |   Sunday Service   |   10 -09-23,https://www.youtube.com/watch?v=9EtGNgJOOug,2025-12-30,Unknown,Full Sermon,
2023-09-17,Success,James Katumba,Elijah The Prophet Of Our Age...Part 1   |   Pastor  James Katumba   |   Sunday Service  | 17 -09-23,https://www.youtube.com/watch?v=v9mxFLdsEUE,2025-12-30,Unknown,Full Sermon,
2023-09-17,Success,James Katumba,Elijah The Prophet Of Our Age..Part 2   |   Pastor  James Katumba   |  Sunday Service   |  17 -09-23,https://www.youtube.com/watch?v=Zcy4WKNfp9U,2025-12-30,Unknown,Full Sermon,
2023-09-24,Success,James Katumba,Reflecting Christ in Our Marriages  |  Pastor  James Katumba   |  Sunday Service    |  24 -09-23,https://www.youtube.com/watch?v=dX99IfzU7-w,2025-12-30,Unknown,Full Sermon,
2023-09-24,Success,James Katumba,We Shall be Changed  |  Pastor  James Katumba   |  Sunday Service   |  24 -09-23,https://www.youtube.com/watch?v=1_f1m2A2ouU,2025-12-30,Unknown,Full Sermon,
2023-10-01,Success,Katumba James,The Token Of The Third Exodus  |   Pastor Katumba James   |  Sunday Service    |  01 -10-23,https://www.youtube.com/watch?v=fqpnE3dVo5U,2025-12-30,Unknown,Full Sermon,
2023-10-08,Success,Ibale Stephen,Developing Into His Mind        || Pastor Ibale Stephen ||        Sunday Service  ||        08.10.23,https://www.youtube.com/watch?v=jrQ50wybKZI,2025-12-30,Unknown,Full Sermon,
2023-10-15,Success,Tim Dodd,Combat     |    Brother Tim Dodd |   Sunday Service    |  15 -10-23,https://www.youtube.com/watch?v=E-ahvQ1XwdU,2025-12-30,Unknown,Full Sermon,
2023-10-15,Success,Tim Dodd,The Eagle's Perspective        |    Brother Tim Dodd |   Sunday Afternoon Service    |  15 -10-23,https://www.youtube.com/watch?v=C1Pv_6aqFp0,2025-12-30,Unknown,Full Sermon,
2023-10-22,Success,Ibale Stephen,The Messianic Kingdom       |    Pastor Ibale Stephen |   Sunday Service    |  22 -10-23,https://www.youtube.com/watch?v=jhLSlH-rBZo,2025-12-30,Unknown,Full Sermon,
2023-10-29,Success,Ibale Stephen,Messianic Kingdom - The Call Into The Kingdom | Pastor Ibale Stephen | Sunday Service | 29.10.23,https://www.youtube.com/watch?v=T75_c4KfJT4,2025-12-30,Unknown,Full Sermon,
2023-11-01,Success,Ibale Richard Stephen,Overcoming the Abominations of Mystery Babylon by Pastor Ibale Richard Stephen,https://www.youtube.com/watch?v=10A6knNZMZM,2025-12-28,Unknown,Full Sermon,
2023-11-05,Success,Micheal Ishilumba,Faith   |  Pastor  Micheal Ishilumba | Sunday service |  05.11.23,https://www.youtube.com/watch?v=2OE3mSWiGlg,2025-12-30,Unknown,Full Sermon,
2023-11-15,Success,James Katumba,You Fail by Looking At Your Weaknesses ||  Pastor James Katumba  || Wednesday Service  15.11.23,https://www.youtube.com/watch?v=KKEx1bM6sdg,2025-12-30,Unknown,Full Sermon,
2023-11-19,Success,Robert Kabasi,The Way Of Escape    |   Pastor Robert Kabasi  |  Sunday Service |  19.11.23,https://www.youtube.com/watch?v=0YTFTZnDQyQ,2025-12-30,Unknown,Full Sermon,
2023-11-26,Success,Busobozi Talemwa,Beneficiaries Of A Sure Legacy   |   Pastor Busobozi Talemwa  |  Sunday Service |  26.11.23,https://www.youtube.com/watch?v=NoLZebmcA6Y,2025-12-30,Unknown,Full Sermon,
2023-11-26,Success,James Katumba,God Given Husband & Wife  |  Pastor James Katumba  |  26.11.2023 |  Sunday Afternoon Service,https://www.youtube.com/watch?v=RjARg4tdvBM,2025-12-30,Unknown,Full Sermon,
2023-12-03,Success,Katumba James,Building The Kingdom Together     |   Pastor  Katumba James   |  Sunday Service |  03.12.23,https://www.youtube.com/watch?v=hJYWO9_kEV0,2025-12-30,Unknown,Full Sermon,
2023-12-10,Success,Unknown Speaker,Song Service |   Sunday Service |  10.12.23,https://www.youtube.com/watch?v=rViT8mQhYqk,2025-12-30,Unknown,Full Sermon,
2023-12-10,Success,Andreas Ringen,Sovereign Grace   |   Pastor Andreas Ringen |  Sunday Afternoon Service |  10.12.23,https://www.youtube.com/watch?v=ph5W10UaupI,2025-12-30,Unknown,Full Sermon,
2023-12-10,Success,Andreas Ringen,The Change Of Administration  |  Pastor Andreas Ringen |  Sunday Morning Service |  10.12.23,https://www.youtube.com/watch?v=S9qKlI-u0HI,2025-12-30,Unknown,Full Sermon,
2023-12-17,Success,Ronnie Long,Warfare   |   Brother Ronnie Long  |  Sunday  Service |  17.12.23,https://www.youtube.com/watch?v=1b48HpYWgHg,2025-12-30,Unknown,Full Sermon,
2023-12-31,Success,Katumba James,Being One With God    |   Pastor  Katumba James  |  Sunday  Service |  31.12.23,https://www.youtube.com/watch?v=9TUuhvOlIoo,2025-12-30,Unknown,Full Sermon,
2023-12-31,Success,Katumba James,Rededication      |   Pastor  Katumba James  |  Sunday  Afternoon  Service |  31.12.23,https://www.youtube.com/watch?v=SMi7L-Mp-bo,2025-12-30,Unknown,Full Sermon,
2024-01-09,Success,Joshua Muwanguzi,Upon This Rock by Br Joshua Muwanguzi,https://www.youtube.com/watch?v=PFrNcjHKh2U,2025-12-28,Unknown,Song / Worship,
2024-01-09,Success,Daniel Mwebaza Ngobi,A Song To Sing by Bro Daniel Mwebaza Ngobi,https://www.youtube.com/watch?v=vdR-_haUWEM,2025-12-28,Unknown,Song / Worship,
2024-01-09,Success,Joshua Muwanguzi Ngobi,Earnest Cry by Bro Joshua Muwanguzi Ngobi,https://www.youtube.com/watch?v=vYwParQciWM,2025-12-28,Unknown,Song / Worship,
2024-01-09,Success,Elijah Waako,He Is Good by Br Elijah Waako & BBT,https://www.youtube.com/watch?v=F0btnBgZkBM,2025-12-28,Unknown,Song / Worship,
2024-01-09,Success,Hope Magambo,I Enter The Holy of Holies (cover) by Sis Hope Magambo,https://www.youtube.com/watch?v=qsdcQNm5Imc,2025-12-28,Unknown,Song / Worship,
2024-01-09,Success,Faith Ibale Kingori,I Have Prayed for You by Sr. Faith Ibale Kingo'ri,https://www.youtube.com/watch?v=5EI-WTmVQL8,2025-12-28,Unknown,Song / Worship,
2024-01-09,Success,Faith Ibale Kingori,It Shall Be Well by Sister Faith Ibale Kingo'ri,https://www.youtube.com/watch?v=dfB6-sjKjCo,2025-12-28,Unknown,Song / Worship,
2024-01-09,Success,Wanda Caleb,Send Thy Power by Bro Wanda Caleb,https://www.youtube.com/watch?v=_WPNsME6-Nw,2025-12-28,Unknown,Song / Worship,
2024-01-09,Success,Jonathan Byakika,Sometimes Alleluia (cover) by Br Jonathan Byakika,https://www.youtube.com/watch?v=wEtcjaC8XHc,2025-12-28,Unknown,Song / Worship,
2024-01-09,Success,Joseph Mwisaka,When the Ocean Rise (cover) by Bro Joseph Mwisaka,https://www.youtube.com/watch?v=B29vwE5rKOo,2025-12-28,Unknown,Song / Worship,
2024-01-12,Success,Ibale Stephen,The Ultimate Value  |   Pastor Ibale Stephen  |    01.12.2024,https://www.youtube.com/watch?v=YRxYH-Nrq-g,2025-12-30,Unknown,Full Sermon,
2024-01-14,Success,Mkanganwi Amos,What Is The First Seal   |   Pastor  Mkanganwi Amos |  Sunday  Service |  14.01.24,https://www.youtube.com/watch?v=KJEfJUb2L5Y,2025-12-30,Unknown,Full Sermon,
2024-01-21,Success,Moges Engida,A Reward For A Service  | Pastor Moges  Engida |  Sunday  Service |  21.01.24,https://www.youtube.com/watch?v=XhFgNbmCNqQ,2025-12-30,Unknown,Full Sermon,
2024-01-21,Success,Unknown Speaker,Inner Veil Ministries Original Composition Songs Concert |  21.01.24,https://www.youtube.com/watch?v=jxkrG6djSj8,2025-12-30,Unknown,Full Sermon,
2024-01-26,Success,Congregation,He Will Understand and Say Well Done - Congregation,https://www.youtube.com/watch?v=myw1n4ZO_nQ,2025-12-30,Unknown,Full Sermon,
2024-01-28,Success,Katumba James,Ability To Withstand Satan   |   Pastor  Katumba James|  28.01.24,https://www.youtube.com/watch?v=SE4MJBwcTIM,2025-12-30,Unknown,Full Sermon,
2024-01-28,Success,Katumba James,Husbands & Wives Are Heirs Together    |   Pastor  Katumba James|  28.01.24,https://www.youtube.com/watch?v=DtETlPerU-E,2025-12-30,Unknown,Full Sermon,
2024-01-28,Success,Katumba James,Husbands & Wives Are Heirs Together  (Continuation)  |   Pastor  Katumba James|  28.01.24,https://www.youtube.com/watch?v=CC7jizsupDI,2025-12-30,Unknown,Full Sermon,
2024-02-04,Success,Sempa Wilson,"None Chooses God, But He Chose Us    |   Pastor Sempa Wilson |  04.02.24",https://www.youtube.com/watch?v=SR0MTCiGn6g,2025-12-30,Unknown,Full Sermon,
2024-02-04,Success,Talenga Wilson,The Token - A Requirement For The Bride     |   Bro Talenga Wilson |  04.02.24,https://www.youtube.com/watch?v=8Y2qc5eBAGU,2025-12-30,Unknown,Full Sermon,
2024-02-06,Success,Ibale Stephen,Preaching Stability - Part 3   -  Rebekah The Mother Of Jacob  || Pastor Ibale Stephen || 02.06.2024,https://www.youtube.com/watch?v=7afBJJcULYg,2025-12-30,Unknown,Full Sermon,
2024-02-10,Success,Esagala Martin,Sacred Value |  Pastor Esagala Martin   |   02.10.2024,https://www.youtube.com/watch?v=XOx8caPoF14,2025-12-30,Unknown,Full Sermon,
2024-02-11,Success,Jacek Walach,Greater Works   (Continuation)     |   Pastor Jacek Walach    |  11.02.24,https://www.youtube.com/watch?v=7HvRcUCkQqc,2025-12-30,Unknown,Full Sermon,
2024-02-11,Success,Jacek Walach,The Power Of The New Name    |   Pastor Jacek Walach    |  11.02.24,https://www.youtube.com/watch?v=KHhhgIwdFJw,2025-12-30,Unknown,Full Sermon,
2024-02-11,Success,Jacek Walach,The Power Of The New Name  ( Continuation)  |   Pastor Jacek Walach    |  11.02.24,https://www.youtube.com/watch?v=91inrbq3GQE,2025-12-30,Unknown,Full Sermon,
2024-02-18,Success,Katumba James,This Is The More Excellent Way  |   Pastor Katumba James    |  18.02.24,https://www.youtube.com/watch?v=vmBT-gZijIc,2025-12-30,Unknown,Full Sermon,
2024-02-18,Success,Katumba James,This Is The More Excellent Way ( Continuation) |   Pastor Katumba James    |  18.02.24,https://www.youtube.com/watch?v=_MECQ-MqKrs,2025-12-30,Unknown,Full Sermon,
2024-02-25,Success,Katumba James,Pray For Your Marriage       |   Pastor Katumba James    |  25.02.24,https://www.youtube.com/watch?v=n3LQAT7AIOI,2025-12-30,Unknown,Full Sermon,
2024-03-03,Success,Katumba James,Living By Faith   ||    Pastor Katumba James    ||   03.03.2024,https://www.youtube.com/watch?v=YnNANdNPmzY,2025-12-30,Unknown,Full Sermon,
2024-03-07,Success,Talenga Wilson,The Elective Love Of God     |      Bro Talenga Wilson       |   03-07-2024,https://www.youtube.com/watch?v=Ttd0G7e__jM,2025-12-30,Unknown,Full Sermon,
2024-03-10,Success,Ibale Stephen,Kinship With God        |   Pastor  Ibale Stephen |  10.03.24,https://www.youtube.com/watch?v=bOwMMk1-7HI,2025-12-30,Unknown,Full Sermon,
2024-03-11,Success,Leo Ruhwabwoba,Communion Service  |    Pastor Leo Ruhwabwoba  |    03.11.2024,https://www.youtube.com/watch?v=OPzyQUOB3fc,2025-12-30,Unknown,Full Sermon,
2024-03-11,Success,Leo Ruhwabwoba,Launch Out Into The Deep    |      Pastor Leo Ruhwabwoba      |    03.11.2024,https://www.youtube.com/watch?v=VsbpKQYZzeo,2025-12-30,Unknown,Full Sermon,
2024-03-13,Success,Talenga Wilson,Intercessions & Prayer     |     Bro  Talenga Wilson     |  13.03.24   |    Wednesday Service,https://www.youtube.com/watch?v=2IHTxt_efMg,2025-12-30,Unknown,Full Sermon,
2024-03-17,Success,Prince Garreth,"The Bride, The Mystery Of Christ Revealed   |     Bro Prince Garreth    |  17.03.24   |",https://www.youtube.com/watch?v=eX3DaPM68Vo,2025-12-30,Unknown,Full Sermon,
2024-03-20,Success,Talenga Wilson,Sermon : The Called Out Church    |     Bro   Talenga Wilson  |  20.03.24   |,https://www.youtube.com/watch?v=P1ffwU_dAYQ,2025-12-30,Unknown,Full Sermon,
2024-03-24,Success,Ibale Stephen,Anger     |    Pastor Ibale Stephen  |  24.03.24   |,https://www.youtube.com/watch?v=xcIg6QgT8T8,2025-12-30,Unknown,Full Sermon,
2024-03-24,Success,Unknown Speaker,Seeking That Which Is Lost In Your Marriage    |    Pastor  |  24.03.24   | Married's Meeting,https://www.youtube.com/watch?v=Np383Jgyt-c,2025-12-30,Unknown,Full Sermon,
2024-03-27,Success,Katumba James Hannington,The Holy ghost Is The Inside Teacher    |    Pastor  Katumba James Hannington |  27.03.24   |,https://www.youtube.com/watch?v=_GKlcdA7Ow0,2025-12-30,Unknown,Full Sermon,
2024-03-31,Success,Unknown Speaker,"Easter  2024 Sinza Worship Music Concert, Original Composed Songs  @innerveilministries 31.03.24",https://www.youtube.com/watch?v=7xqzXuIPCYA,2025-12-28,Unknown,Full Sermon,
2024-04-03,Success,Katumba James,Passing Shadow    |     Pastor  Katumba James      | 03.04.24,https://www.youtube.com/watch?v=BzGbQjUfNNc,2025-12-30,Unknown,Full Sermon,
2024-04-06,Success,Katumba James Hannington,The Inside Teacher     |  Pastor Katumba James Hannington   |   04.06.2024,https://www.youtube.com/watch?v=bFfpCfz3TFE,2025-12-30,Unknown,Full Sermon,
2024-04-07,Success,Ibale Stephen,She Is The Glory Of Her Husband    |     Pastor Ibale Stephen        | 07.04.24,https://www.youtube.com/watch?v=LJd5_Ar2IBY,2025-12-30,Unknown,Full Sermon,
2024-04-07,Success,Ibale Stephen,She Is The Glory Of The Husband  ( Part 2 )    |     Pastor Ibale Stephen        | 07.04.24,https://www.youtube.com/watch?v=EaBA7h-xIKo,2025-12-30,Unknown,Full Sermon,
2024-04-08,Success,Ibale Stephen,Preaching Stability- Part 8 - Fruit In His season   |       Pastor Ibale Stephen    |    04.08.2024,https://www.youtube.com/watch?v=Pvvyw8rUDNs,2025-12-30,Unknown,Full Sermon,
2024-04-10,Success,Talenga Wilson,Dying Daily To Ourselves  | Bro Talenga Wilson | 14.04.24,https://www.youtube.com/watch?v=NwNsoIvu2F0,2025-12-30,Unknown,Full Sermon,
2024-04-12,Success,Esagala Martin,Caleb's mountain     |     Pastor Esagala Martin    |  04.12.2024,https://www.youtube.com/watch?v=DIUWXfSUFgw,2025-12-30,Unknown,Full Sermon,
2024-04-14,Success,Nyembo Joseph,The Last Junction Of Time     |  Pastor   Nyembo Joseph   | 14.04.24,https://www.youtube.com/watch?v=0-k7kK_QhzY,2025-12-30,Unknown,Full Sermon,
2024-04-21,Success,Ibale Stephen,Social Media & The  Fourth Dimension ||   Pastor Ibale Stephen   | 21.04.2024,https://www.youtube.com/watch?v=nd8ir0AfbhY,2025-12-30,Unknown,Full Sermon,
2024-04-24,Success,Katumba James,Be Willing & Obedient     |  Pastor Katumba James     | 24.04.24,https://www.youtube.com/watch?v=xbDzW3I2a5A,2025-12-30,Unknown,Full Sermon,
2024-04-28,Success,Ibale Stephen,Man & A Man    |  Pastor Ibale Stephen    | 28.04.24,https://www.youtube.com/watch?v=HVcTZ_wT-l4,2025-12-30,Unknown,Full Sermon,
2024-05-01,Success,Stephen Dodd,The Sufferings Are Not Worthy To Be Compared With The Glory - 2  |  Bro Stephen Dodd  |  05.01.2024,https://www.youtube.com/watch?v=dK5F6UTicws,2025-12-30,Unknown,Full Sermon,
2024-05-08,Success,Esagala Martin,The Treasure In These Earthen Vessels      |     Bro    Esagala Martin   | 08.05.24,https://www.youtube.com/watch?v=J58DQNkb5vQ,2025-12-30,Unknown,Full Sermon,
2024-05-09,Success,James Katumba,You are a Shining Light | Pastor James Katumba | 05.09.2024,https://www.youtube.com/watch?v=f8ECvF81qiI,2025-12-30,Unknown,Full Sermon,
2024-05-15,Success,Talenga Wilson,Sermon :  A Church Built On Revelation    ||       Bro Talenga Wilson,https://www.youtube.com/watch?v=2onfeJ2t9Ho,2025-12-30,Unknown,Full Sermon,
2024-05-19,Success,Ibale Stephen,Preaching Stability   -    Part One       |    Pastor Ibale Stephen    | 19.05.24,https://www.youtube.com/watch?v=thhQnH8XEVk,2025-12-30,Unknown,Full Sermon,
2024-05-22,Success,Dan Mukama,Sermon :   Keep The Word         ||          Bro Dan Mukama     ||       22.05.2024,https://www.youtube.com/watch?v=ZLgGef43ebM,2025-12-30,Unknown,Full Sermon,
2024-05-26,Success,Ibale Stephen,Preaching Stability  - Part 2 -   The Word Made Flesh    |    Pastor   Ibale Stephen | 26.05.24,https://www.youtube.com/watch?v=0_GPfGJZtYw,2025-12-30,Unknown,Full Sermon,
2024-05-27,Success,Caleb Wanda,God Given Light by Br Caleb Wanda,https://www.youtube.com/watch?v=W4zeqsgZWMc,2025-12-28,Unknown,Song / Worship,
2024-05-27,Success,William Gejje,Hand In Hand by Br William Gejje,https://www.youtube.com/watch?v=-e53SyN86To,2025-12-28,Unknown,Song / Worship,
2024-05-27,Success,Steven Wante,Sealed By His Attributes by Br Steven Wante,https://www.youtube.com/watch?v=mterfJ8yCJk,2025-12-28,Unknown,Song / Worship,
2024-05-27,Success,Ruth Ojok Muwanguzi,Manifest In Me by Sr Ruth Ojok Muwanguzi,https://www.youtube.com/watch?v=fWrEfzKsP18,2025-12-28,Unknown,Full Sermon,
2024-05-27,Success,"Sr Gift, Turn Thee Unto",Turn Thee Unto Me by Sr Gift,https://www.youtube.com/watch?v=me-oqlIPxrQ,2025-12-28,Unknown,Song / Worship,
2024-05-27,Success,Joshua Muwanguzi Ngobi,"By His Stripes, Am Healed by Br Joshua Muwanguzi Ngobi",https://www.youtube.com/watch?v=lN_SskpgAR8,2025-12-28,Unknown,Song / Worship,
2024-05-27,Success,Esther,Am Free Through The Blood by Sr Esther & IVM Mayuge Saints,https://www.youtube.com/watch?v=OGu4Yi07PKA,2025-12-28,Unknown,Song / Worship,
2024-05-27,Success,Wilson Talenga,I Return To You by Br Wilson Talenga,https://www.youtube.com/watch?v=w4k9Lj8hZEs,2025-12-28,Unknown,Song / Worship,
2024-05-27,Success,Elijah Waako,Jesus is Ready by Br Elijah Waako & Bulanga Believers Tabernacle Saints,https://www.youtube.com/watch?v=rs3RHOYROSA,2025-12-28,Unknown,Song / Worship,
2024-05-27,Success,Unknown Speaker,Ku Musalaba Kwe Yafira (Glory To His Name) by IVM Congregation,https://www.youtube.com/watch?v=7dkFrfxfkDk,2025-12-28,Unknown,Song / Worship,
2024-05-27,Success,Keren Kwikiriza Ssempa,Mercy Was There By Sr Keren Kwikiriza Ssempa,https://www.youtube.com/watch?v=hp3TI26zCaM,2025-12-28,Unknown,Song / Worship,
2024-05-27,Success,Angella Ongaba,Prepare Me by Sr Angella Ongaba,https://www.youtube.com/watch?v=EqOpkO5YUJk,2025-12-28,Unknown,Song / Worship,
2024-05-27,Success,Sr Betty,Ready by Sr Betty,https://www.youtube.com/watch?v=9vpsQi1OI9s,2025-12-28,Unknown,Song / Worship,
2024-05-27,Success,Mercy Kezia Ssempa,Remember Me by Sr Mercy Kezia Ssempa,https://www.youtube.com/watch?v=-nUPtSaVI8A,2025-12-28,Unknown,Song / Worship,
2024-05-27,Success,Take,Take Over by Faith Ibale King'ori,https://www.youtube.com/watch?v=5JPGJtVabQE,2025-12-28,Unknown,Song / Worship,
2024-05-27,Success,Steven Wante,The Name Jesus by Br Steven Wante,https://www.youtube.com/watch?v=OKqe6eFxnu4,2025-12-28,Unknown,Song / Worship,
2024-05-27,Success,Faith and Hope Magambo,Why Do You Doubt by Sr Faith and Hope Magambo,https://www.youtube.com/watch?v=fweMOOBYV5Q,2025-12-28,Unknown,Song / Worship,
2024-05-27,Success,Faith Ibale Kingori,Worship by Sr Faith Ibale King'ori,https://www.youtube.com/watch?v=6U7gTE6-mkA,2025-12-28,Unknown,Song / Worship,
2024-05-29,Success,Talenga wilson,Through It All    |     Bro Talenga wilson   |  29.05.2024,https://www.youtube.com/watch?v=nlMNv87nbXo,2025-12-30,Unknown,Full Sermon,
2024-06-02,Success,James Katumba,I have Given You An Example    |    Pastor James Katumba | 02-06.24,https://www.youtube.com/watch?v=P2r_BcJFhmw,2025-12-30,Unknown,Full Sermon,
2024-06-07,Success,Ibale Stephen,There Is A Prophet In The Land |        Pastor Ibale Stephen      |   06.07.2024,https://www.youtube.com/watch?v=jNx13R9j6LQ,2025-12-30,Unknown,Full Sermon,
2024-06-10,Success,Katumba James,Salvation Is  Of The Lord   |  Pastor Katumba James     |   06.10.2024,https://www.youtube.com/watch?v=4w3R5jRYYLg,2025-12-30,Unknown,Full Sermon,
2024-06-10,Success,Katumba James,Salvation Is Of The Lord - Part Two  |     Pastor Katumba James  |    06.10.2024,https://www.youtube.com/watch?v=u5jhDlh53l4,2025-12-30,Unknown,Full Sermon,
2024-06-11,Success,Dan Mukama,Personal Experience With God |  Bro Dan Mukama    |   06.11.2024,https://www.youtube.com/watch?v=87PvtcWC684,2025-12-30,Unknown,Full Sermon,
2024-06-16,Success,Hannington James Katumba,Ministering To God    |     Pastor Hannington James Katumba       |      16-06.24,https://www.youtube.com/watch?v=gz1lEI-KvYU,2025-12-30,Unknown,Full Sermon,
2024-06-19,Success,Katumba James,Walking With Jesus            |        Pastor Katumba James       |      19-06.24,https://www.youtube.com/watch?v=7_xsLQYcITI,2025-12-30,Unknown,Full Sermon,
2024-06-23,Success,Ibale Stephen,Preaching  Stability - Your Will Is Already Written    |   Pastor Ibale Stephen     |      23-06.24,https://www.youtube.com/watch?v=3z4M8PH7miE,2025-12-30,Unknown,Full Sermon,
2024-06-28,Success,Unknown Speaker,Overnight Service  @innerveilministries 28.06.24,https://www.youtube.com/watch?v=HI9oTxIFzAU,2025-12-28,Unknown,Full Sermon,
2024-06-30,Success,Andreas Ringen,Our Journey To All Things        ||      Pastor Andreas Ringen         ||       30-06-24,https://www.youtube.com/watch?v=udTqk0v8j_4,2025-12-30,Unknown,Full Sermon,
2024-06-30,Success,Andreas Ringen,Our Journey To All Things  Pt-2      ||      Pastor Andreas Ringen         ||       30-06-24,https://www.youtube.com/watch?v=OfRPkiq06Uk,2025-12-30,Unknown,Full Sermon,
2024-07-07,Success,Katumba James,The Joy Of Being Born    |   Pastor Katumba James    |   Inner Veil Ministries     |    07-07-2024,https://www.youtube.com/watch?v=VqMgJoAp_3Q,2025-12-30,Unknown,Full Sermon,
2024-07-08,Success,Talenga Wilson,The Believer's Position In Christ   |       Bro Talenga Wilson    |    07.08.2024,https://www.youtube.com/watch?v=C1OHJTOeZ-g,2025-12-30,Unknown,Full Sermon,
2024-07-09,Success,Angella Ongaba,Come to the Fountain by Sis Angella Ongaba,https://www.youtube.com/watch?v=a8BKdD8-yBc,2025-12-28,Unknown,Song / Worship,
2024-07-09,Success,Dan Mukama,He was Wounded by Bro Dan Mukama,https://www.youtube.com/watch?v=cQB4MUPx_lM,2025-12-28,Unknown,Song / Worship,
2024-07-09,Success,His Light Will Shine,His Light Will Shine by Bro Caleb & Esther Wanda,https://www.youtube.com/watch?v=Qzv1RVplfy0,2025-12-28,Unknown,Song / Worship,
2024-07-14,Success,Ibale Stephen,Preaching Stability - Part 6 - Not A Child  |     Pastor Ibale Stephen     |   14.07.2924,https://www.youtube.com/watch?v=nz1mEtXatB4,2025-12-30,Unknown,Full Sermon,
2024-07-17,Success,Talenga Wilson,"Exodus, A Shadow Of The Three Pulls      |   Bro Talenga Wilson     |   17.07.2024",https://www.youtube.com/watch?v=dhxrRFiiKT4,2025-12-30,Unknown,Full Sermon,
2024-07-21,Success,Titus Chibashe,The Ministry To The Three Fold Of Your Being  |     Bro Titus Chibashe   |     21.07.2024,https://www.youtube.com/watch?v=vtdmnlZ-Uzg,2025-12-30,Unknown,Full Sermon,
2024-07-24,Success,Talenga Wilson,The Power Of The Testimony     |     Bro Talenga  Wilson      |    24.07.2024,https://www.youtube.com/watch?v=mQJks0GZfAo,2025-12-30,Unknown,Full Sermon,
2024-07-28,Success,Stephen Ibale,Adam's Womb   Pastor Stephen Ibale   28/07/2024,https://www.youtube.com/watch?v=HXuRcVjXeB8,2025-12-30,Unknown,Full Sermon,
2024-07-28,Success,Ibale Stephen,Preaching Stability - Part 7 -  Now & The Prophetic  |     Pastor Ibale Stephen   |   28.07.2024,https://www.youtube.com/watch?v=oaBXVqt6d0M,2025-12-30,Unknown,Full Sermon,
2024-07-31,Success,Talenga Wilson,God's Requirements To The Bride   |     Bro Talenga Wilson     |   31/07/2024,https://www.youtube.com/watch?v=TbOfU2qLiM8,2025-12-30,Unknown,Full Sermon,
2024-08-16,Success,Talenga Wilson,Manifestation Of The Sons Of God | Sermon By Br Talenga Wilson | Preached On Wed 14.08.2024,https://www.youtube.com/watch?v=X_c_oKR32Xk,2025-12-30,Unknown,Full Sermon,
2024-08-21,Success,Talenga Wilson,The Holy Spirit  Our Inside Teacher     |      Bro Talenga Wilson     | 21.08.2024,https://www.youtube.com/watch?v=6RI883v77vA,2025-12-30,Unknown,Full Sermon,
2024-08-25,Success,Ibale Stephen,Preaching Stability - Part 10 -  Generational Revival   |  Pastor Ibale Stephen  |   25.08.2024,https://www.youtube.com/watch?v=pjAY9TESQEY,2025-12-30,Unknown,Full Sermon,
2024-08-28,Success,Talenga Wilson,Being Transformed & Comformed | Bro Talenga Wilson   |  28.08.2024,https://www.youtube.com/watch?v=qTIiMB1keP8,2025-12-30,Unknown,Full Sermon,
2024-08-29,Success,Elijah Waako,Perfect Love by Bro Elijah Waako & BBT,https://www.youtube.com/watch?v=0hWXCPpnLb0,2025-12-28,Unknown,Song / Worship,
2024-09-01,Success,Unknown Speaker,"Sinza Worship Music Concert (Session 4), Original Composed Songs  @innerveilministries  on 01.09.24",https://www.youtube.com/watch?v=7SDB7sXlWjo,2025-12-28,Unknown,Full Sermon,
2024-09-03,Success,Ibale Stephen,Tension |  Pastor Ibale Stephen  |  09.03.2024,https://www.youtube.com/watch?v=nxk_3IXF9gc,2025-12-30,Unknown,Full Sermon,
2024-09-04,Success,Katumba James,The Earnest Of The Holy Spirit  |  Pastor Katumba James  |   09.04.2024,https://www.youtube.com/watch?v=dCqkcHqjqJA,2025-12-30,Unknown,Full Sermon,
2024-09-06,Success,Ibale Stephen,Preaching Stability - Part 4  - Write Your History   ||    Pastor Ibale Stephen   ||    09.06.2024,https://www.youtube.com/watch?v=OZJ80etKlIY,2025-12-30,Unknown,Full Sermon,
2024-09-08,Success,James Katumba,Recieving The Holy Ghost    |     Pastor James Katumba      |    8.09.2024,https://www.youtube.com/watch?v=1zJAQ5NjQPg,2025-12-30,Unknown,Full Sermon,
2024-09-10,Success,Katumba James,Renewing Your Mind   |  Pastor Katumba James   |   09.10.2024,https://www.youtube.com/watch?v=RWaeNMIFzVI,2025-12-30,Unknown,Full Sermon,
2024-09-14,Success,Unknown Speaker,Peter Weds Juliet,https://www.youtube.com/watch?v=z6WTR6Dh2AU,2025-12-28,Unknown,Full Sermon,
2024-09-15,Success,Ibale Stephen,Preaching Stability - Part 11 - A Father To Generations   |   Pastor Ibale Stephen    |   15.09.2024,https://www.youtube.com/watch?v=IXuAD-FXxrU,2025-12-30,Unknown,Full Sermon,
2024-09-18,Success,Talenga Wilson,The Spoken Word & The Absolute  |  Bro Talenga Wilson      |    18.09.2024,https://www.youtube.com/watch?v=QWMrQIY7F4M,2025-12-30,Unknown,Full Sermon,
2024-09-22,Success,Ibale Stephen,The InkPot Man  |  Pastor Ibale Stephen    |    22.09.2024,https://www.youtube.com/watch?v=GfsmEayD80o,2025-12-30,Unknown,Full Sermon,
2024-09-25,Success,Talenga Wilson,Jesus Christ The Messenger Through All The Seven Church Ages  |  Bro Talenga Wilson   |   25.09.2024,https://www.youtube.com/watch?v=cI7IIteQXos,2025-12-30,Unknown,Full Sermon,
2024-09-29,Success,Katumba James,Being An Example Family |  Pastor Katumba James     |     29.09.2024,https://www.youtube.com/watch?v=Rr6kg7J2aiw,2025-12-30,Unknown,Full Sermon,
2024-09-29,Success,Katumba James,Building On The Set Foundation  |  Pastor Katumba James      | 29.09.2024,https://www.youtube.com/watch?v=Hmvs061JatY,2025-12-30,Unknown,Full Sermon,
2024-10-07,Success,Talenga Wilson,The Current State Of The Church & The World     |     Bro Talenga Wilson     |   10-07-2024,https://www.youtube.com/watch?v=VO3De8rgp-U,2025-12-30,Unknown,Full Sermon,
2024-10-11,Success,Tim Dodd,Faith Is The Evidence Of The Eternal |   Bro Tim Dodd  |   10.11.2024,https://www.youtube.com/watch?v=aF4ajFPWacQ,2025-12-30,Unknown,Full Sermon,
2024-10-11,Success,Tim Dodd,The Priesthood Of The Eternal |   Bro Tim Dodd  |    10.11.2024,https://www.youtube.com/watch?v=RMx4GdCQc8c,2025-12-30,Unknown,Full Sermon,
2024-10-13,Success,Ibale Stephen,The Body Speaks   |  Pastor Ibale Stephen   |    13.10.2024,https://www.youtube.com/watch?v=b8cJsPihSt0,2025-12-30,Unknown,Full Sermon,
2024-10-16,Success,Katumba James,Knowing The Gift Of God   |  Pastor Katumba James    |     16.10.2024,https://www.youtube.com/watch?v=57ymBmt5KkI,2025-12-30,Unknown,Full Sermon,
2024-10-20,Success,Ibale Stephen,The Beauty Of Holiness   |  Pastor Ibale Stephen    |    20.10.2024,https://www.youtube.com/watch?v=cy-R8pA0PwM,2025-12-30,Unknown,Full Sermon,
2024-10-23,Success,Hannington James Katumba,Be Not Troubled | Pastor Hannington James Katumba | Wednesday service,https://www.youtube.com/watch?v=F6Dgz0fg8xU,2025-12-30,Unknown,Full Sermon,
2024-10-27,Success,Kabasi Robert,The Family Of Pleasant Worship   |    Pastor Kabasi Robert     |      27.10.2024,https://www.youtube.com/watch?v=RLbLqEonu5E,2025-12-30,Unknown,Full Sermon,
2024-10-27,Success,Kabasi Robert,The Resurrection Morning    |    Pastor Kabasi Robert     |    27.10.2024,https://www.youtube.com/watch?v=dar0iAYpYOM,2025-12-30,Unknown,Full Sermon,
2024-10-30,Success,Mukama Dan,The Unveiling Of God  |    Bro Mukama Dan    |       30.10.2024,https://www.youtube.com/watch?v=ItwUlHlnxgY,2025-12-30,Unknown,Full Sermon,
2024-11-08,Success,Ibale Stephen,Preaching Stability - Part 9 - If Thou Knewest The Gift Of God  |  Pastor Ibale Stephen | 11.08.2024,https://www.youtube.com/watch?v=Bz1uDZmla1o,2025-12-30,Unknown,Full Sermon,
2024-11-09,Success,Talenga Wilson,Mercy Before Judgement   |     Brother Talenga  Wilson    |    11.09.2024,https://www.youtube.com/watch?v=Dvb0aCIWikA,2025-12-30,Unknown,Full Sermon,
2024-11-12,Success,Talenga Wilson,Reconcilation Of God's Children |  Bro Talenga Wilson   |    11.12.2024,https://www.youtube.com/watch?v=_R30syQHPxY,2025-12-30,Unknown,Full Sermon,
2024-11-17,Success,Ibale Stephen,The Names In Heaven  |   Pastor Ibale Stephen   |    17.11.2024,https://www.youtube.com/watch?v=dr21VYhqOX0,2025-12-30,Unknown,Full Sermon,
2024-11-20,Success,Mukama Dan,Christ Has Entered In Our Family   |     Bro Mukama Dan    |    20.11.2024,https://www.youtube.com/watch?v=3o7ufcfKLTE,2025-12-30,Unknown,Full Sermon,
2024-11-24,Success,Katumba James,The Purpose Of His Will  |   Pastor Katumba James   |    24.11.2024,https://www.youtube.com/watch?v=jk3QzDlvAuA,2025-12-30,Unknown,Full Sermon,
2024-11-27,Success,Talenga Wilson,Stay True & Faithful To God's Word    | Bro Talenga Wilson    |    27.11.2024,https://www.youtube.com/watch?v=H9Gj6wkFFlg,2025-12-30,Unknown,Full Sermon,
2024-12-08,Success,Andreas Ringen,The Impact Of A Restored Relationship On Our Inheritance......Part 1  |   Pastor  Andreas Ringen,https://www.youtube.com/watch?v=XnnggSWoIQ8,2025-12-30,Unknown,Full Sermon,
2024-12-08,Success,Andreas Ringen,The Impact Of A Restored Relationship On Our Inheritance......Part 2  |   Pastor  Andreas Ringen,https://www.youtube.com/watch?v=G4tSVjwbZOU,2025-12-30,Unknown,Full Sermon,
2024-12-14,Success,Unknown Speaker,Henry Weds Hope,https://www.youtube.com/watch?v=fp4VQzGd3-0,2025-12-28,Unknown,Full Sermon,
2024-12-15,Success,Diogo,They Have Kept Thy Word  |   Pastor  Diogo Elijah     |    15.12.2024,https://www.youtube.com/watch?v=vwwH8cFeju8,2025-12-30,Unknown,Full Sermon,
2024-12-18,Success,Talenga Wilson,The Manifestation Of The Word In The End Time  |   Bro Talenga Wilson    | 18. 12.2024,https://www.youtube.com/watch?v=W7-ZDpP3NSI,2025-12-30,Unknown,Full Sermon,
2024-12-22,Success,Ibale Stephen,The Evening & The Morning  |  Pastor Ibale Stephen   |   22.12.2024,https://www.youtube.com/watch?v=AeqAGWYr4ms,2025-12-30,Unknown,Full Sermon,
2024-12-25,Success,Katumba James,The True Christmas   |  Pastor Katumba James    |    25.12.2024,https://www.youtube.com/watch?v=b2DNYUQLzOE,2025-12-30,Unknown,Full Sermon,
2024-12-29,Success,Isaacson McLaughlin,"Why It Had To Be Shepherds & Bethlehem   |  Apostle Isaacson McLaughlin  ( From Dodowa, Ghana",https://www.youtube.com/watch?v=2c1VtzOpD_Q,2025-12-30,Unknown,Full Sermon,
2025-01-01,Success,Katumba James,The Lord Bless You   |  Pastor Katumba James   |   01.01.2025,https://www.youtube.com/watch?v=PWfdRPYp9hQ,2025-12-30,Unknown,Full Sermon,
2025-01-02,Success,Odipio Charles,Funeral Service of Pastor Odipio Charles    |     01.02.2025    |  @NextToNkombeInnerVeilTabernacle,https://www.youtube.com/watch?v=EDQ4UfN0giQ,2025-12-30,Unknown,Full Sermon,
2025-01-06,Success,Katumba James,Supplying The Store House  |   Pastor Katumba James |  01.06.2025,https://www.youtube.com/watch?v=o6do46uratQ,2025-12-30,Unknown,Full Sermon,
2025-01-06,Success,Katumba James,The Depth Of God  |   Pastor Katumba James |   01.06.2025,https://www.youtube.com/watch?v=lJXNKJHBxYQ,2025-12-30,Unknown,Full Sermon,
2025-01-08,Success,Joram Kitamirike,Have Mercy Upon Me by Br Joram Kitamirike,https://www.youtube.com/watch?v=KIYyjTtTd2E,2025-12-28,Unknown,Song / Worship,
2025-01-08,Success,Joshua Muwanguzi Ngobi,No Longer I by Br Joshua Muwanguzi Ngobi,https://www.youtube.com/watch?v=OBoQ5ZJw4o4,2025-12-28,Unknown,Song / Worship,
2025-01-08,Success,Joshua Muwanguzi Ngobi,Believing Daily In The Sacrifice by Joshua Muwanguzi Ngobi,https://www.youtube.com/watch?v=mB6tccxRJ8Y,2025-12-28,Unknown,Song / Worship,
2025-01-08,Success,Esther,Hear My Cry by Sis Esther,https://www.youtube.com/watch?v=7XgboZqwmhs,2025-12-28,Unknown,Song / Worship,
2025-01-08,Success,Faith Ibale Kingori,Hope of Man by Sis Faith Ibale Kingo'ri,https://www.youtube.com/watch?v=iK3JHsUGeOM,2025-12-28,Unknown,Song / Worship,
2025-01-08,Success,Dan Mukama,It's The Blood Upon The Altar by Dan Mukama,https://www.youtube.com/watch?v=HZRJqeh7KHU,2025-12-28,Unknown,Song / Worship,
2025-01-08,Success,Faith Ibale Kingori,Remember Me by Sister Faith Ibale Kingo'ri,https://www.youtube.com/watch?v=iYO8IpkGlSQ,2025-12-28,Unknown,Song / Worship,
2025-01-08,Success,Faith Ibale Kingori,Valley by Sis Faith Ibale Kingo'ri,https://www.youtube.com/watch?v=Iyb-hVo9Tpc,2025-12-28,Unknown,Song / Worship,
2025-01-10,No Transcript,Katumba James,Keeping Your Nazarite Vow   |        Pastor Katumba James  |  01.10.2025,https://www.youtube.com/watch?v=2DW1ExSBphM,2025-12-28,Unknown,Full Sermon,
2025-01-15,Success,Talenga Wilson,Election-God's  Eternal Purpose|  Bro. Talenga Wilson      |    15.01.2025,https://www.youtube.com/watch?v=sJvmwArODD8,2025-12-30,Unknown,Full Sermon,
2025-01-19,Success,Kalulu Peter,Departing From Sin |  Pastor Kalulu Peter  ( From Bukwiri Kyankwanzi )    |     19.01.2024,https://www.youtube.com/watch?v=iSoEI7oZt-M,2025-12-30,Unknown,Full Sermon,
2025-01-22,Success,Talenga Wilson,The Expressed Thoughts Of God - The Blood Speaks   |  Bro Talenga Wilson  |  22.01.2025,https://www.youtube.com/watch?v=WSqs8ju2OnI,2025-12-30,Unknown,Full Sermon,
2025-01-26,Success,Worship Concert Sinza,Worship Concert Sinza | Original Compositions | 26.01.2025,https://www.youtube.com/watch?v=0i5MvpuJ8Zc,2025-12-30,Unknown,Full Sermon,
2025-01-27,Success,Faith Ibale Kingori,Weep Not by Sr Faith Ibale Kingo'ri,https://www.youtube.com/watch?v=_2Rv8pee4_A,2025-12-28,Unknown,Song / Worship,
2025-01-29,Success,Talenga Wilson,My Sheep Know My Voice   |  Bro Talenga Wilson    |     29.01.2025,https://www.youtube.com/watch?v=FN8girhJuUE,2025-12-30,Unknown,Full Sermon,
2025-01-31,Success,Odipio Charles,Memorial Service of Pastor Odipio Charles      |     31.01.2025     |    @ShekinahTabernacleTororo,https://www.youtube.com/watch?v=fAc6uiX6yDc,2025-12-30,Unknown,Full Sermon,
2025-02-02,Success,Stephen Ibale,Faith Deals With Dimensions   |  Pastor Stephen Ibale   |   02.02.2025,https://www.youtube.com/watch?v=ZJUJ3XOTdKc,2025-12-30,Unknown,Full Sermon,
2025-02-03,Success,James Katumba Hannington,Faithful Service  |  Pastor James Katumba Hannington  |   02.03.2025,https://www.youtube.com/watch?v=0Va9IUIn_20,2025-12-30,Unknown,Full Sermon,
2025-02-03,Success,James Katumba Hannington,We Are Stewards  |  Pastor James Katumba Hannington  |   02.03.2025,https://www.youtube.com/watch?v=E4viDK4hdNA,2025-12-30,Unknown,Full Sermon,
2025-02-04,Success,Katumba James,Sermon :  The Intecession Of The Holy Spirit  |  Pastor Katumba James  | 02.04.2025,https://www.youtube.com/watch?v=3eqhZJZDsmk,2025-12-30,Unknown,Full Sermon,
2025-02-07,Success,Katumba James,The Holy Spirit Guides |        Pastor Katumba James      |    02.07.2025,https://www.youtube.com/watch?v=I8jLHGuebbE,2025-12-30,Unknown,Full Sermon,
2025-02-09,Success,Joshua Muwanguzi Ngobi,To The River / Ku Mugga (cover) by Joshua Muwanguzi Ngobi,https://www.youtube.com/watch?v=D0AzTWUKSqg,2025-12-30,Unknown,Song / Worship,
2025-02-10,Success,Faith Ibale Kingori,Ebyaiffe Bya Kusaba by Sr Faith Ibale King'ori,https://www.youtube.com/watch?v=zjoz1BXxxP0,2025-12-28,Unknown,Song / Worship,
2025-02-10,Success,Joshua Ngobi Muwanguzi,Point of Need by Br Joshua Ngobi Muwanguzi,https://www.youtube.com/watch?v=nssJY6n4Lb4,2025-12-28,English,Song / Worship,
2025-02-11,Success,Ibale Stephen,Faith Is A Substance  |  Pastor Ibale Stephen |   02.11.2025,https://www.youtube.com/watch?v=qSwLEYMShOc,2025-12-28,English,Full Sermon,
2025-02-11,Success,Katumba James,The Acceptable Sacrifice  |  Pastor Katumba James |  02.11.2025,https://www.youtube.com/watch?v=Hj0bnMhpfWo,2025-12-28,English,Full Sermon,
2025-02-13,No Transcript,Angella Ongaba,Irai Ijo Ek'adeke by Sr Angella Ongaba,https://www.youtube.com/watch?v=rBJi7-613O0,2025-12-28,Unknown,Full Sermon,
2025-02-14,Success,Faith Ibale Kingori,Bride Preview by Sr Faith Ibale King'ori,https://www.youtube.com/watch?v=t5f1NxKWMfQ,2025-12-28,English,Song / Worship,
2025-02-16,Success,Ibale Stephen,The Shadows In The Cycle -  Psalms 23  |  Pastor Ibale Stephen  |   16.02.2025,https://www.youtube.com/watch?v=NHWwFmrN4s0,2025-12-30,Unknown,Full Sermon,
2025-02-17,Success,Caleb Wanda,Breath of Life by Br Caleb Wanda,https://www.youtube.com/watch?v=prp4SGXd3R8,2025-12-28,English,Song / Worship,
2025-02-18,No Transcript,Henry Musuza,Lyawandikibwa Mumusaayi by Br Henry Musuza,https://www.youtube.com/watch?v=zHlaR0z_i1g,2025-12-28,Unknown,Full Sermon,
2025-02-19,Success,Faith Ibale Kingori,Jehovah Rapha by Sr Faith Ibale King'ori,https://www.youtube.com/watch?v=b7r8zyPVwZc,2025-12-28,English,Full Sermon,
2025-02-19,Success,Joshua Muwanguzi Ngobi,Safe in Thee by Br Joshua Muwanguzi Ngobi,https://www.youtube.com/watch?v=hSHzw6-c7Uc,2025-12-28,English,Song / Worship,
2025-02-21,Success,Faith Magambo,You Reign by Sr Faith Magambo,https://www.youtube.com/watch?v=RayVBDLY75w,2025-12-28,English,Song / Worship,
2025-02-23,Success,James Katumba Hannington,The Seasons Of The Negatives  |  Pastor James Katumba Hannington  | 23.02.2024,https://www.youtube.com/watch?v=6DpaHQ33y_Q,2025-12-30,Unknown,Full Sermon,
2025-02-26,Success,James Katumba Hannington,You Shall Receive Power  |  Pastor James Katumba Hannington  |  26.02.2025,https://www.youtube.com/watch?v=UJOmm2Y6sY0,2025-12-30,Unknown,Full Sermon,
2025-03-08,Success,Katumba James,Overcoming The Power Of Darkness |        Pastor Katumba James     |      03.08.2025,https://www.youtube.com/watch?v=Tct0hWCMSgY,2025-12-30,Unknown,Full Sermon,
2025-03-08,Success,Katumba James,The Power Of God Is Present        |        Pastor Katumba James     |      03.08.2025,https://www.youtube.com/watch?v=4zriuYAyHbw,2025-12-30,Unknown,Full Sermon,
2025-03-09,Success,Katumba James,Give Me Living Water     |        Pastor Katumba James    |     03.09.2025,https://www.youtube.com/watch?v=o3vwQlGsXu4,2025-12-30,Unknown,Full Sermon,
2025-03-12,Success,Katumba James,Calling Out The Elect |     Pastor Katumba James  |    03.12.2025,https://www.youtube.com/watch?v=FHqUfixdLl8,2025-12-28,English,Full Sermon,
2025-03-14,Success,Geofrey Ekisa,I'm Ready to be Used by You by Br Geofrey Ekisa,https://www.youtube.com/watch?v=zMGyzPuwT3Q,2025-12-28,English,Song / Worship,
2025-03-16,Success,Katumba James,Recognizing Your Weakness |  Pastor Katumba James  |   16.03.2025,https://www.youtube.com/watch?v=zZ4H7Br0YJw,2025-12-30,Unknown,Full Sermon,
2025-03-19,Success,Katumba James,The Sabbath Of The Holy Spirit |  Pastor Katumba James  |    19. 03. 2024,https://www.youtube.com/watch?v=xA3y5KOh3Zc,2025-12-30,Unknown,Full Sermon,
2025-03-21,Success,Elijah Waako,Reckless Faith by Br Elijah Waako,https://www.youtube.com/watch?v=KG0cvBuigcA,2025-12-28,English,Song / Worship,
2025-03-21,No Transcript,Golokoka Ayi Mukama,Golokoka Ayi Mukama by Mayuge Inner Veil Church,https://www.youtube.com/watch?v=lNBdyXhgxHk,2025-12-28,Unknown,Full Sermon,
2025-03-21,Success,Joshua Mwesigwa Kisakye,That's why I sing by Br Joshua Mwesigwa Kisakye,https://www.youtube.com/watch?v=I0kwG7BNQBQ,2025-12-28,English,Song / Worship,
2025-03-21,Success,Sempa Wilson,Time shall be no more by Pr Sempa Wilson,https://www.youtube.com/watch?v=kyNXk7X5UiQ,2025-12-28,English,Song / Worship,
2025-03-21,Success,Sempa Wilson,Years of Innocence by Pr Sempa Wilson,https://www.youtube.com/watch?v=wJ7tPmDZx-o,2025-12-28,English,Song / Worship,
2025-03-22,Success,ReuEl Gejje,Pour Oil by Sr La'El & Sr Reu'El Gejje,https://www.youtube.com/watch?v=obE6p16vjDE,2025-12-28,English,Song / Worship,
2025-03-23,Success,James Hannington Katumba,Ordaining of Brother James Hannington Katumba |   Pastor Ibale Stephen,https://www.youtube.com/watch?v=Wf3-R7cc8Mg,2025-12-30,Unknown,Full Sermon,
2025-03-25,Success,Faith Ibale Kingori,Handmaid by Sr Faith Ibale Kingo'ri,https://www.youtube.com/watch?v=xw6Fy-BL-oE,2025-12-28,English,Song / Worship,
2025-03-26,Success,Angella Ongaba,I Testify by Sr Angella Ongaba,https://www.youtube.com/watch?v=ni8y1f2sJeM,2025-12-28,English,Song / Worship,
2025-03-26,Success,Joshua Muwanguzi Ngobi,My Desire by Br Joshua Muwanguzi Ngobi,https://www.youtube.com/watch?v=ePjGFHqLI6k,2025-12-28,English,Song / Worship,
2025-03-26,Success,katumba James,The Comforter Has Come |  Pastor katumba James   |  26.06.2025,https://www.youtube.com/watch?v=Vz775q4aUmI,2025-12-30,Unknown,Full Sermon,
2025-03-28,Success,Mercy Kezia,I Have Tasted The Goodness Of God by Sis Mercy Kezia,https://www.youtube.com/watch?v=JQNee3AS5dU,2025-12-28,English,Song / Worship,
2025-03-29,Success,Reuben Kingo,Joseph by Br  Reuben Kingori,https://www.youtube.com/watch?v=W3Xk4CdPsFI,2025-12-28,English,Song / Worship,
2025-03-30,Success,Katumba James,The Anchor Of Marriage  |  Pastor Katumba James  |   30.03.2025,https://www.youtube.com/watch?v=I7lDH-v_npI,2025-12-30,Unknown,Full Sermon,
2025-03-30,Success,Ibale Stephen,The Holding Gift - Psalms 23 |  Pastor Ibale Stephen  |  30.03.2025,https://www.youtube.com/watch?v=0cU76PoZ_Fg,2025-12-30,Unknown,Full Sermon,
2025-03-31,Success,Caleb Wanda,I AM by Br Caleb Wanda,https://www.youtube.com/watch?v=KSEWxDsfsLs,2025-12-28,English,Song / Worship,
2025-04-01,Success,"Wilson Talenga Minkross, Restore","Restore Your Hope by Br Wilson Talenga
2025-04-01,Success,Wilson Talenga Minkross,Restore Your Hope by Br Wilson Talenga",,,,,
2025-04-03,Success,Faith Ibale Kingo,He Still Speaks  Sr Faith Ibale Kingor,https://www.youtube.com/watch?v=4ohhLs288l8,2025-12-28,English,Song / Worship,
2025-04-09,Success,Faith Ibale Kingori and,I AM MARKED (cover) by Sr Faith Ibale Kingo'ri and @innerveilministries,https://www.youtube.com/watch?v=E8eeePd8RaE,2025-12-28,English,Song / Worship,
2025-04-13,Success,Katumba James,The Anointing Is Not Emotions  |  Pastor Katumba James  |  13.04.2025,https://www.youtube.com/watch?v=qn5WzWWIwNw,2025-12-30,Unknown,Full Sermon,
2025-04-13,Success,Katumba James,The Sower Is The Holy Spirit      |     Pastor Katumba James     |        13.04. 2025,https://www.youtube.com/watch?v=VVJuWMA-Mtg,2025-12-30,Unknown,Full Sermon,
2025-04-16,Success,Talenga Wilson,Love  | Bro Talenga Wilson  |  16.04.2025,https://www.youtube.com/watch?v=Yf2BNNIEXR8,2025-12-30,Unknown,Full Sermon,
2025-04-23,Success,Talenga Wilson,How Do We Overcome  |  Bro Talenga Wilson  |   23.04.2025,https://www.youtube.com/watch?v=mcT0x_YQM9U,2025-12-30,Unknown,Full Sermon,
2025-04-27,Success,Katumba James,Our Conduct In Church  |  Pastor Katumba James  |    27. 04. 2025,https://www.youtube.com/watch?v=9kJ5umQoq78,2025-12-30,Unknown,Full Sermon,
2025-05-01,Success,Stephen Dodd,The Sufferings Are Not Worthy To Be Compared With The Glory   |  Bro Stephen Dodd     | 05.01.2025,https://www.youtube.com/watch?v=DCVkdZbZQsg,2025-12-30,Unknown,Full Sermon,
2025-05-02,Success,Katumba James,He That Hath   |  Pastor Katumba James |   05.02.2025,https://www.youtube.com/watch?v=Y305HF__J-c,2025-12-30,Unknown,Full Sermon,
2025-05-10,Success,Katumba James,The Healing Of  The Wounded Spirit   |        Pastor Katumba James  |    05.10.2025,https://www.youtube.com/watch?v=RZxpuOMH_8M,2025-12-28,English,Full Sermon,
2025-05-10,Success,Katumba James,This Is My Way    |     Pastor Katumba James  |   05.10.2025,https://www.youtube.com/watch?v=XvJYUD5go7A,2025-12-28,English,Full Sermon,
2025-05-11,Success,Katumba James,My Peace I Give Unto You |  Pastor Katumba James |  05.11.2025,https://www.youtube.com/watch?v=Ya82esCAHJI,2025-12-28,English,Full Sermon,
2025-05-14,Success,Inner Veil Ministries,Inner Veil Ministries - Wednesday Service,https://www.youtube.com/watch?v=FpBCFnx0tfM,2025-12-30,Unknown,Full Sermon,
2025-05-18,Success,Unknown Speaker,Inner Veil  Pastoral  Handover Ceremony,https://www.youtube.com/watch?v=YCOdpLYvvck,2025-12-28,Unknown,Full Sermon,
2025-05-18,Success,Unknown Speaker,Inner Veil  Pastoral  Handover Ceremony ( Evening Session ),https://www.youtube.com/watch?v=YETGALYj3V0,2025-12-28,Unknown,Full Sermon,
2025-05-21,Success,Talenga Wilson,A Spiritual Race  |   Bro Talenga Wilson |  21.05.2025,https://www.youtube.com/watch?v=-JVmDW-Iu3o,2025-12-30,Unknown,Full Sermon,
2025-05-28,Success,Talenga Wilson,Worship - Where Did God Choose To Meet With Man  |   Bro Talenga Wilson |    28.05.2025,https://www.youtube.com/watch?v=LNS659GkukY,2025-12-30,Unknown,Full Sermon,
2025-06-04,Success,Katumba James,Obedience  |  Pastor Katumba James  |       06.04.2025,https://www.youtube.com/watch?v=ZoHndIzBiMg,2025-12-30,Unknown,Full Sermon,
2025-06-07,Success,Katumba James,Midnight Cry    |   Pastor Katumba James   |      06.07.2025,https://www.youtube.com/watch?v=InNS7mPuzBo,2025-12-30,Unknown,Full Sermon,
2025-06-08,Success,Katumba James,The Great Commission    |     Pastor Katumba James       |     08.O6.2025,https://www.youtube.com/watch?v=IyF_2a2T-Do,2025-12-30,Unknown,Full Sermon,
2025-06-08,Success,Katumba James,What The Holy Spirit Does In Our Lives        |        Pastor Katumba James     |   06.08.2025,https://www.youtube.com/watch?v=bgVPxfhJFLk,2025-12-30,Unknown,Full Sermon,
2025-06-15,Success,Katumba James,The Soul Travail    |     Pastor Katumba James       |    15.06.2024,https://www.youtube.com/watch?v=ibsZEOyZGHE,2025-12-30,Unknown,Full Sermon,
2025-06-18,Success,Katumba James,The Spirit Of Truth  |     Pastor Katumba James       |    18.06.2025,https://www.youtube.com/watch?v=WwSUeHQBxyA,2025-12-30,Unknown,Full Sermon,
2025-06-22,Success,Andreas Ringen,Jesus Christ The Same Today  |     Pastor Andreas Ringen       |   22-06-2025   | Sunday Service,https://www.youtube.com/watch?v=1DNrQqEO8S4,2025-12-30,Unknown,Full Sermon,
2025-06-22,Success,Andreas Ringen,Virtue in Remembrance |     Pastor Andreas Ringen       |   22-06-2025   | Sunday Service,https://www.youtube.com/watch?v=yRKLjRx8FSk,2025-12-30,Unknown,Full Sermon,
2025-06-25,Success,Katumba James,What Is Truth |        Pastor Katumba James      |    25.06.2025,https://www.youtube.com/watch?v=fCYqeWtda0Y,2025-12-30,Unknown,Full Sermon,
2025-06-29,Success,Katumba James,You Must Prophesy Again |        Pastor Katumba James      |   29.06.2025,https://www.youtube.com/watch?v=fu8nAypCxxo,2025-12-30,Unknown,Full Sermon,
2025-07-09,Success,Katumba James,Communion     |        Pastor Katumba James    |    07.09.2025,https://www.youtube.com/watch?v=213vkeVgW2M,2025-12-30,Unknown,Full Sermon,
2025-07-09,Success,Katumba James,The Lord's Supper     |        Pastor Katumba James    |     07.09.2025,https://www.youtube.com/watch?v=kHPOvm-OeDE,2025-12-30,Unknown,Full Sermon,
2025-07-12,Success,Katumba James,The Elect Lady Grace - Part 1 | Pastor Katumba James | 07.12.2025,https://www.youtube.com/watch?v=eDPaKz2MEac,2025-12-28,English,Full Sermon,
2025-07-12,Success,Katumba James,The Elect Lady Grace - Part  2 | Pastor Katumba James | 07.12.2025,https://www.youtube.com/watch?v=rgH9dEpFpXo,2025-12-28,English,Full Sermon,
2025-07-13,Success,Katumba James,The Mystery Catches The Bride |        Pastor Katumba James     |   13.07.2025,https://www.youtube.com/watch?v=lJXUtD5gS8I,2025-12-30,Unknown,Full Sermon,
2025-07-16,Success,Katumba James,Have You Received The HolyGhost Since You Believed ?  |  Pastor Katumba James | 16.07.2025,https://www.youtube.com/watch?v=Ifqln1aDcf8,2025-12-30,Unknown,Full Sermon,
2025-07-20,Success,Ibale Stephen,The Boldness That Puts A Believer Into Worship   |  Pastor Ibale Stephen  |     20.07.2025,https://www.youtube.com/watch?v=Um0FvDHgLFE,2025-12-30,Unknown,Full Sermon,
2025-07-23,Success,Katumba James,Has The Holy Ghost Been Given ? |  Pastor Katumba James | Inner Veil Ministries | 23.07.2025,https://www.youtube.com/watch?v=ZNPhU3TwLCw,2025-12-30,Unknown,Full Sermon,
2025-07-27,Success,Ibale Stephen,The Mind Behind The Invisible Union |        Pastor Ibale Stephen     |      27.07.2025,https://www.youtube.com/watch?v=A1QH1og9eWM,2025-12-30,Unknown,Full Sermon,
2025-07-30,Success,Katumba James,Prayer Service     |       Pastor Katumba James    |       30.07.2025,https://www.youtube.com/watch?v=qNTgtI30lss,2025-12-30,Unknown,Full Sermon,
2025-08-01,Success,Katumba James,Being in God's Presence   |  Pastor Katumba James   |   08.01.2025,https://www.youtube.com/watch?v=QGMoy4p7puM,2025-12-30,Unknown,Full Sermon,
2025-08-03,Success,James Katumba Hannington,Isaac Weds Rose  |   The Wife of Thy Youth |  Pastor James Katumba Hannington  |  | 08.03.2025,https://www.youtube.com/watch?v=6AOVp55rqUg,2025-12-30,Unknown,Full Sermon,
2025-08-10,Success,Katumba James,Carrying Your Cross  |        Pastor Katumba James  |  08.10.2025,https://www.youtube.com/watch?v=HsirfGyVp3o,2025-12-28,English,Full Sermon,
2025-08-13,Success,Talenga Wilson,How Should We Approach God       |        Bro Talenga Wilson     |   13.08.2025,https://www.youtube.com/watch?v=7Jpx-WM0Vtg,2025-12-30,Unknown,Full Sermon,
2025-08-17,Success,Katumba James,Building A Sure House       |        Pastor Katumba James     |   17.08.2025,https://www.youtube.com/watch?v=1dfkh6t_wbU,2025-12-30,Unknown,Full Sermon,
2025-08-20,Success,Katumba James,The Spirit Of Life      |        Pastor Katumba James    |       20.08.2025,https://www.youtube.com/watch?v=4iDGumueSqo,2025-12-30,Unknown,Full Sermon,
2025-08-24,Success,George Franklin,Faith Our Ticket To Victory      |        Pastor George  Franklin    |    24.08.2025,https://www.youtube.com/watch?v=h6rI0BymnJk,2025-12-30,Unknown,Full Sermon,
2025-08-24,Success,Inner Veil Ministries,Inner Veil Ministries - Sunday Service,https://www.youtube.com/watch?v=bZcpzYg08Po,2025-12-30,Unknown,Full Sermon,
2025-08-27,Success,Katumba James,Ever More Give Us This Bread     |        Pastor Katumba James    |     27.08.2025,https://www.youtube.com/watch?v=N6sYqjVGjQ8,2025-12-30,Unknown,Full Sermon,
2025-08-31,Success,Katumba James,Seeing The Daughters Of The Land     |        Pastor Katumba James    |    31. 08.2025,https://www.youtube.com/watch?v=sxZ74-bvLpo,2025-12-30,Unknown,Full Sermon,
2025-09-02,Success,Katumba James,Walking In The Newness Of Life   |  Pastor Katumba James  |   09.02.2025,https://www.youtube.com/watch?v=1-GbhggcNNs,2025-12-30,Unknown,Full Sermon,
2025-09-11,No Transcript,Esagala Martin,Unfailing Thoughts  |       Pastor Esagala Martin  |     09.11.2025,https://www.youtube.com/watch?v=pzqCx1b_jjU,2025-12-28,Unknown,Full Sermon,
2025-09-14,Success,Ibale Stephen,Preaching Stability- Auto Immunity   |        Pastor Ibale Stephen  |   14.09.2025,https://www.youtube.com/watch?v=zASpvugJkbM,2025-12-30,Unknown,Full Sermon,
2025-09-17,Success,Katumba James,Temperance      |     Pastor Katumba James      |      17.09.2025,https://www.youtube.com/watch?v=Z12iHmV_jGE,2025-12-30,Unknown,Full Sermon,
2025-09-21,Success,Ibale Stephen,Lord Remember Me   |        Pastor Ibale Stephen  |  21.09.2025,https://www.youtube.com/watch?v=ZUFWbauFsuQ,2025-12-30,Unknown,Full Sermon,
2025-09-24,Success,Unknown Speaker,Inner Veil Ministries- Wednesday Service,https://www.youtube.com/watch?v=VKpPg8zU2u4,2025-12-28,Unknown,Full Sermon,
2025-09-28,Success,Katumba James,Let Your Fruit Remain   |        Pastor Katumba James  |    28.09.2025,https://www.youtube.com/watch?v=kB8YxonxSg8,2025-12-30,Unknown,Full Sermon,
2025-10-08,Success,Ibale Stephen,Who Am I        |        Pastor Ibale Stephen     |    10.08.2025,https://www.youtube.com/watch?v=29P1-pvVrDM,2025-12-30,Unknown,Full Sermon,
2025-10-12,No Transcript,Katumba James,Search The Scriptures | Pastor Katumba James | 10.12.2025,https://www.youtube.com/watch?v=2_JZ54vFhcI,2025-12-28,Unknown,Full Sermon,
2025-10-15,Success,Katumba James,Living By The Word  |        Pastor Katumba James  |     15.10.2025,https://www.youtube.com/watch?v=riHL-2c362w,2025-12-28,English,Full Sermon,
2025-10-19,Success,Tom Rae,The Full Revelation Of Christ     |    Pastor Tom Rae     |     19.10.2025,https://www.youtube.com/watch?v=mLo_vFsq4WQ,2025-12-28,English,Full Sermon,
2025-10-19,Success,Michael Rae,The Pressure to Conform Vs Eternity's Call to Transform   |   Brother Michael Rae  |  19.10.2025,https://www.youtube.com/watch?v=3GVTsYJN8Kg,2025-12-28,English,Full Sermon,
2025-10-26,Success,Katumba James,The Stone That Was Cut Without Hands   |  Pastor Katumba James  |  10.26.2025,https://www.youtube.com/watch?v=c1Zy4PoLgdo,2025-12-28,English,Full Sermon,
2025-10-29,Success,Katumba James,The Good Man Of The House   |  Pastor Katumba James  |    10.29.2025,https://www.youtube.com/watch?v=06098DMeTic,2025-12-28,English,Full Sermon,
2025-11-05,Success,Katumba James,Worshipping  God | Pastor Katumba James| 11.05.2025,https://www.youtube.com/watch?v=4GnNqk5-5qQ,2025-12-30,Unknown,Full Sermon,
2025-11-06,Success,Katumba James,The Seal Of God    |     Pastor Katumba James       |    11.06.2025,https://www.youtube.com/watch?v=f_gg9aiha0A,2025-12-30,Unknown,Full Sermon,
2025-11-16,Success,Talenga Wilson,Covenantal Seed     |     Bro Talenga Wilson       |       16.11.2025,https://www.youtube.com/watch?v=zmlRDmKBeHk,2025-12-28,English,Full Sermon,
2025-11-19,Success,Katumba James,Being In Chains Of Darkness | Pastor Katumba James | 19.11.2025,https://www.youtube.com/watch?v=EgRYN1rRpVo,2025-12-28,English,Full Sermon,
2025-11-23,Success,Tim Dodd,Understanding The New Birth  |    Bro Tim Dodd  |   23.11.2025,https://www.youtube.com/watch?v=vuR4eLhm3Mc,2025-12-28,English,Full Sermon,
2025-11-26,Success,Katumba James,Thy Sins Have Been forgiven  |    Pastor Katumba James   |     26.11.2025,https://www.youtube.com/watch?v=_NDTtd3B7ec,2025-12-28,English,Full Sermon,
2025-11-30,Success,Ibale Stephen,He Cares For The Two Branches |     Pastor Ibale Stephen  |   30.11.2025,https://www.youtube.com/watch?v=4n7rkhI0J68,2025-12-28,English,Full Sermon,
2025-12-01,Success,Katumba James,Finding Favour Before God   |  Pastor Katumba James     |    12.01.2025,https://www.youtube.com/watch?v=VJN-YzgvbDg,2025-12-30,Unknown,Full Sermon,
2025-12-02,Success,Katumba James,Have You Applied The Token   |  Pastor Katumba James  |    12.02.2025,https://www.youtube.com/watch?v=ctgLjJon-K0,2025-12-30,Unknown,Full Sermon,
2025-12-03,Success,Talenga Wilson,At Our Point Of Need |  Bro Talenga Wilson  |   12.03.2025,https://www.youtube.com/watch?v=cE6p8el2KHA,2025-12-30,Unknown,Full Sermon,
2025-12-10,Success,Katumba James,Satan Entered Judas       |     Pastor Katumba James    |   12.10.2025,https://www.youtube.com/watch?v=k5VBKHwasng,2025-12-28,English,Full Sermon,
2025-12-11,Success,Katumba James,Oppossing Spirits In The Exodus  |       Pastor Katumba James  |  12.11.2025,https://www.youtube.com/watch?v=9Ai-vAu2BeM,2025-12-28,English,Full Sermon,
2025-12-14,Success,Andreas Ringen,Is This That ?    |     Pastor Andreas Ringen |     Inner Veil Ministries     |    14.12.2025,https://www.youtube.com/watch?v=WfeQFNT97ms,2025-12-28,English,Full Sermon,
2025-12-14,Success,Andreas Ringen,The Bride Has Made Herself  Ready    |     Pastor Andreas Ringen |    14.12.2025,https://www.youtube.com/watch?v=OjYIJGVS0Fw,2025-12-28,English,Full Sermon,
2025-12-21,Success,Ibale Stephen,Finding Rest | Pastor Ibale Stephen | Inner Veil Ministries | 21.12.2025,https://www.youtube.com/watch?v=FiPG77Y3M30,2025-12-28,English,Full Sermon,
2025-12-24,No Transcript,Katumba James,Labour To Enter Into The Rest |  Pastor Katumba James |    12.24.2025,https://www.youtube.com/watch?v=DcLJLY1us4g,2025-12-28,Unknown,Full Sermon,
2025-12-27,No Transcript,Katumba James,When You Are Converted |  Pastor Katumba James |   28.12.2025,https://www.youtube.com/watch?v=R0DwEYP0wuI,2025-12-28,Unknown,Full Sermon,
"Minkross""",https://www.youtube.com/watch?v=ulagwBfifHA,2025-12-28,Unknown,Full Sermon,,,,
Unknown Date,No Transcript,Elijah Waako,Dhino Embiro by Br Elijah Waako,https://www.youtube.com/watch?v=UjUCrk4wMcQ,2025-12-28,Unknown,Full Sermon,
Unknown Date,No Transcript,Unknown Speaker,He's The Answer by Mayuge Inner Veil Church,https://www.youtube.com/watch?v=yIOPPFJuyDw,2025-12-28,Unknown,Full Sermon,
Unknown Date,No Transcript,Tim Dodd,Human Spirit  |     Bro Tim Dodd |  23.11.2025,https://www.youtube.com/watch?v=lGkIY7v3BiM,2025-12-28,Unknown,Full Sermon,
Unknown Date,No Transcript,Caleb Wanda,Mukama Omwesigwa by Br Caleb Wanda,https://www.youtube.com/watch?v=iD9IBpg4R6U,2025-12-28,Unknown,Full Sermon,
Unknown Date,No Transcript,Joseph Byakika,The Voice by Br Joseph Byakika,https://www.youtube.com/watch?v=D-NOMTHCZyA,2025-12-28,Unknown,Full Sermon,
Unknown Date,No Transcript,Katumba James,We Are Perfected By One Sacrifice     |    Pastor Katumba James   |     20.o4.2025,https://www.youtube.com/watch?v=mlGO8mSBReo,2025-12-28,Unknown,Full Sermon,
Unknown Date,No Transcript,Mukama Dan,let this mind be in you     |    Bro Mukama Dan     |   30.04.2024,https://www.youtube.com/watch?v=3Xo0NWX9fGM,2025-12-28,Unknown,Full Sermon,
2025-10-09,Metadata Only,Mukama Dan,Only Trust Him Now    |      Bro Mukama Dan      |       10.09.2025,https://www.youtube.com/watch?v=DFCz9b58tOU,2025-12-30,Unknown,Full Sermon,
2025-09-07,Metadata Only,Talenga Wilson,Recognising Your Ministry & Prophecy |        Bro Talenga Wilson     |    09.07.2025,https://www.youtube.com/watch?v=Q-NFSDQ95Xk,2025-12-30,Unknown,Full Sermon,
2025-05-25,Metadata Only,Katumba James,Worship & Serve God  |   Pastor Katumba James |  25.05.2025,https://www.youtube.com/watch?v=i8FxWQahfz4,2025-12-30,Unknown,Full Sermon,
2025-05-14,Metadata Only,Inner Veil Ministries,Inner Veil Ministries - Wednesday Service,https://www.youtube.com/watch?v=SwxIaxBKnQ4,2025-12-30,Unknown,Full Sermon,
2025-07-05,Metadata Only,Mukama Dan,Fear God & Keep His Commandments  |  Bro Mukama Dan |     07.05.2025,https://www.youtube.com/watch?v=QQlo0_63XRI,2025-12-30,Unknown,Full Sermon,
2025-04-05,Metadata Only,Katumba James,Our Serving At Church   |  Pastor Katumba James  |    04.05.2025,https://www.youtube.com/watch?v=OxA-cN3GpDY,2025-12-30,Unknown,Full Sermon,
2025-05-04,Metadata Only,Ibale Stephen,The Victory Of Stephen  |  Pastor Ibale Stephen  |    05.04.2025,https://www.youtube.com/watch?v=UPAlG5WNX8E,2025-12-30,Unknown,Full Sermon,
2025-05-03,Metadata Only,James Katumba Hannington,The Circumcision Of The Heart  |  Pastor James Katumba Hannington  | 05.03.2025,https://www.youtube.com/watch?v=XBoJybZg0ek,2025-12-30,Unknown,Full Sermon,
2025-02-19,Metadata Only,James Katumba,The Promise of The Holy Spirit  |  Pastor James Katumba     |   19.02.2025,https://www.youtube.com/watch?v=K_MnzwVgSr0,2025-12-30,Unknown,Full Sermon,
2024-11-13,Metadata Only,Dan Mukama,The Bride Serves Christ|   Bro Dan Mukama |   13.11.2024,https://www.youtube.com/watch?v=koLZ_mDx4EM,2025-12-30,Unknown,Full Sermon,
2024-07-07,Metadata Only,Katumba James,The Age Of Restoration   |     Pastor Katumba James     |     Inner Veil Ministries    | 07-07-2024,https://www.youtube.com/watch?v=l0LTLoky_3k,2025-12-30,Unknown,Full Sermon,The Age Of Restoration #williammarrionbranham   #endtimemassege
2024-05-05,Metadata Only,Katumba James,What God Has Prepared For Us       |  Pastor Katumba James   | 05.05.24,https://www.youtube.com/watch?v=Rv7LHDPP1tU,2025-12-30,Unknown,Full Sermon,What God Has Prepared For Us #williammarrionbranham #endtimemassege
2024-05-01,Metadata Only,Katumba James,The Long Suffering Of God    |  Pastor Katumba James     | 01.05.24,https://www.youtube.com/watch?v=YWFL3Ta-ugk,2025-12-30,Unknown,Full Sermon,The Long Suffering Of God#williammarrionbranham #endtimemassege
2024-03-31,Metadata Only,Unknown Speaker,"Easter  2024 Sinza Worship Music Concert, Original Composed Songs  @innerveilministries 31.03.24",https://www.youtube.com/watch?v=hQHfaOeeXFo,2025-12-30,Unknown,Worship Service,A worship session with inspired composed songs by our youth.
2024-02-11,Metadata Only,Jacek Walach,Greater Works   |   Pastor Jacek Walach    |  11.02.24,https://www.youtube.com/watch?v=ABZmUNTWgt4,2025-12-30,Unknown,Full Sermon,Greater Works#williammarrionbranham #endtimemassege
2024-01-07,Metadata Only,Katumba James,The Rapturing Condition    |   Pastor  Katumba James  |  Sunday  Service |  07.01.24,https://www.youtube.com/watch?v=io1NR3nRdmI,2025-12-30,Unknown,Full Sermon,The Rapturing Condition#innerveilministries #williammarrionbranham #endtimemassege
2023-12-24,Metadata Only,Charles Elizabeth,Quickened With Christ   |   Pastor  Charles Elizabeth    |  Sunday  Service |  24.12.23,https://www.youtube.com/watch?v=ivI5hAXZsSU,2025-12-30,Unknown,Full Sermon,Quickened With Christ #innerveilministries #williammarrionbranham #endtimemassege
2023-08-26,Metadata Only,Unknown Speaker,Elijah Weds Sophie   |      Church Service  |    26-08-23,https://www.youtube.com/watch?v=pD2mRD00MyE,2025-12-30,Unknown,Full Sermon,#Wedding   #  #innerveilministries #williammarrionbranham #endtimemassege
2023-04-30,Metadata Only,Ipu Bonaya,What Is Your Greatest Desire ? || Pastor Ipu Bonaya || Sunday Service || 30-04-23,https://www.youtube.com/watch?v=ywFEwBSnCrg,2025-12-30,Unknown,Full Sermon,What Is Your Greatest Desire ? || Pastor Ipu Bonaya
2023-04-29,Metadata Only,Unknown Speaker,Jonah Weds Agnes,https://www.youtube.com/watch?v=t3VzxpW01gU,2025-12-30,Unknown,Full Sermon,
2023-02-05,Metadata Only,Unknown Speaker,05-02-23 || Original Composition Worship and Praise  #innerveil,https://www.youtube.com/watch?v=kOpMA25rKXk,2025-12-30,Unknown,Worship Service,
2023-02-05,Metadata Only,Unknown Speaker,05-02-23 || Original Composition Worship and Praise  #innerveil,https://www.youtube.com/watch?v=OKS6a2a2sbs,2025-12-30,Unknown,Worship Service,
2023-01-29,Metadata Only,Andrew Furlonge,29-01-23 || Sunday Evening Service || Ultimate Filter - Pr Andrew Furlonge   #innerveil,https://www.youtube.com/watch?v=B4S_oPYk8i0,2025-12-30,Unknown,Full Sermon,
2023-01-29,Metadata Only,Andrew Furlonge,29-01-23 || Sunday Morning Service || God's Symphony - Pr Andrew Furlonge #innerveil,https://www.youtube.com/watch?v=8JAuOg0SoU0,2025-12-30,Unknown,Full Sermon,
2025-04-01,Metadata Only,Wilson Talenga Minkross,"Restore Your Hope by Br Wilson Talenga
Minkross",https://www.youtube.com/watch?v=ulagwBfifHA,2025-12-30,Unknown,Full Sermon,
2025-01-08,Metadata Only,Esther,Resurrection Morning by sister Esther,https://www.youtube.com/watch?v=tVIuFzyusMc,2025-12-30,Unknown,Full Sermon,Easter 2024 Original Composed Songs Worship  @innerveilministries
2024-01-09,Metadata Only,Joshua Ngobi Muwanguzi,Yesu N'enjira by Br Joshua Ngobi Muwanguzi,https://www.youtube.com/watch?v=-9Y6skUx0TY,2025-12-30,Unknown,Full Sermon,Inner Veil Ministries Worship Concert on 01-09-2024 #innerveilministries
2024-01-09,Metadata Only,Benjamin Okiror,Long Suffering by Br Benjamin Okiror,https://www.youtube.com/watch?v=sy97tpBddKo,2025-12-30,Unknown,Full Sermon,Inner Veil Ministries Worship Concert on 01-09-2024 #innerveilministries
2024-01-09,Metadata Only,Elijah Waako,Jesus I Rely on You by Br Elijah Waako & BBT,https://www.youtube.com/watch?v=QYgtjSLFysE,2025-12-30,Unknown,Full Sermon,Inner Veil Ministries Worship Concert on 01-09-2024 #innerveilministries #
2024-01-09,Metadata Only,Elijah Waako,He Will Bring Me Out by Br Elijah Waako & BBT,https://www.youtube.com/watch?v=9gvkiqLyNWc,2025-12-30,Unknown,Full Sermon,Inner Veil Ministries Worship Concert on 01-09-2024 #innerveilministries #
2024-08-29,Metadata Only,Joshua Muwanguzi,Come unto Me by Bro Joshua Muwanguzi,https://www.youtube.com/watch?v=i5c87InCGRM,2025-12-30,Unknown,Full Sermon,Inner Veil Ministries Original Composition Songs Concert on  21.01.24 #WorshipandPraise #Messageofthehour #BelieversConcert #innerveilministries #williammarrionbranham #endtimemassege
2024-08-29,Metadata Only,Elijah Waako,Lord Fill this Tabernacle by Bro Elijah Waako & BBT,https://www.youtube.com/watch?v=NSA5OCgEPJc,2025-12-30,Unknown,Full Sermon,Inner Veil Ministries Original Composition Songs Concert on  21.01.24 #WorshipandPraise #Messageofthehour #BelieversConcert #innerveilministries #williammarrionbranham #endtimemassege
2024-08-24,Metadata Only,James Katumba,Turning Your Hearts To God     |    Pastor  James Katumba    |    18.08.2024,https://www.youtube.com/watch?v=tvh0U-xAkP4,2025-12-30,Unknown,Full Sermon,
2024-07-09,Metadata Only,Joshua Muwanguzi,Ampa Oluyimba by Joshua Muwanguzi,https://www.youtube.com/watch?v=Kqp_52sDLEk,2025-12-30,Unknown,Full Sermon,Inner Veil Ministries Original Composition Songs Concert on  21.01.24 #WorshipandPraise #Messageofthehour #BelieversConcert #innerveilministries #williammarrionbranham #endtimemassege
2024-05-27,Metadata Only,Elijah Waako,Behold I Send You Elijah by Br Elijah Waako & Bulanga Believer Tabernacle Saints,https://www.youtube.com/watch?v=fyWiCImHg3M,2025-12-30,Unknown,Full Sermon,Easter 2024 Original Composed Songs Worship @innerveilministries
2024-05-27,Metadata Only,Unknown Speaker,The Old Rugged Cross & Near  The Cross  @IVM Easter Music Concert Medley,https://www.youtube.com/watch?v=HGrwKxGWIT0,2025-12-30,Unknown,Full Sermon,Easter Worship 2024
2024-03-03,Metadata Only,Ibale Stephen,Henceforth Know We No Man After The Flesh   ||     Pastor Ibale Stephen    ||    03.03.2024,https://www.youtube.com/watch?v=JIEKhBSZVB0,2025-12-30,Unknown,Full Sermon,Henceforth Know We No Man After The Flesh#williammarrionbranham #endtimemassege
2024-02-12,Metadata Only,Joshua Muwanguzi Ngobi,Oliba Wgha by Brother Joshua Muwanguzi Ngobi,https://www.youtube.com/watch?v=vzGcNxGV72w,2025-12-30,Unknown,Full Sermon,Inner Veil Ministries Original Composition Songs Concert on  21.01.24 #WorshipandPraise #Messageofthehour #BelieversConcert #innerveilministries #williammarrionbranham #endtimemassege
2024-02-04,Metadata Only,Inner Veil Ministries,Lay Them Down by Congregation,https://www.youtube.com/watch?v=zPkRsKDoSWY,2025-12-30,Unknown,Full Sermon,Inner Veil Ministries Original Composition Songs Concert on  21.01.24 #WorshipandPraise # Messageofthehour #BelieversConcert
2024-02-01,Metadata Only,Dan Ngobi,My Everything by Brother Dan Ngobi,https://www.youtube.com/watch?v=CuPeb23T7RI,2025-12-30,Unknown,Full Sermon,Inner Veil Ministries Original Composition Songs Concert on  21.01.24 #WorshipandPraise #Messageofthehour #BelieversConcert #innerveilministries #williammarrionbranham #endtimemassege
2024-01-27,Metadata Only,Faith Magambo,Be Exalted by Sister Faith Magambo,https://www.youtube.com/watch?v=fKM2N67T8MY,2025-12-30,Unknown,Full Sermon,Inner Veil Ministries Original Composition Songs Concert on  21.01.24 #WorshipandPraise #Messageofthehour #BelieversConcert #innerveilministries #williammarrionbranham #endtimemassege
2024-01-26,Metadata Only,Faith Ibale,Witness by Sister Faith Ibale,https://www.youtube.com/watch?v=3cTw-XzpCRQ,2025-12-30,Unknown,Full Sermon,Inner Veil Ministries Original Composition Songs Concert on  21.01.24 #WorshipandPraise #Messageofthehour #BelieversConcert #innerveilministries #williammarrionbranham #endtimemassege
2023-12-10,Metadata Only,Unknown Speaker,Have Mercy Upon Me Oh Lord #innerveilministries,https://www.youtube.com/watch?v=8dDdLp7223A,2025-12-30,Unknown,Full Sermon,Have Mercy Upon Me Oh Lord #InnerVeilMinistries
2023-11-12,Metadata Only,Ibale Stephen,The Messianic Kingdom Is A House  || Pastor Ibale Stephen || Inner Veil Ministries,https://www.youtube.com/watch?v=N3JP6KQx_kE,2025-12-30,Unknown,Full Sermon,
2023-09-25,Metadata Only,Ibale Richard Stephen,What is Your Name in The Lamb's Book of Life     |     Pastor Ibale Richard Stephen    |    24-09-23,https://www.youtube.com/watch?v=3D7dPmoswok,2025-12-30,Unknown,Full Sermon,What is Your Name in The Lamb's Book of Life by Pastor Ibale Richard Stephen #sundayservice   #innerveilministries #williammarrionbranham #endtimemassege
2023-06-08,Metadata Only,Unknown Speaker,Voice of God Recordings Presentation 06-08-2023,https://www.youtube.com/watch?v=CU57upQia2Y,2025-12-30,Unknown,Full Sermon,Voice of God Recordings Presentation
2023-05-17,Metadata Only,Faith Ibale,I am going to live the way by Sister Faith Ibale,https://www.youtube.com/watch?v=1xSBgZzD0TI,2025-12-30,Unknown,Full Sermon,I am going to live the way
2023-04-16,Metadata Only,Faith Ibale,Wrestle The Angel and It Shall be Well by Sister Faith Ibale,https://www.youtube.com/watch?v=m1uM3G9WdpM,2025-12-30,Unknown,Full Sermon,Wrestle The Angel and It Shall be Well by Sister Faith Ibale
2023-04-12,Metadata Only,Unknown Speaker,Mercy Walked In and Let The Death Angel Pass,https://www.youtube.com/watch?v=GypiJ2qYgCQ,2025-12-30,Unknown,Full Sermon,Mercy Walked In  Let The Death Angel Pass
2023-04-12,Metadata Only,Unknown Speaker,Lead Me To Calvary,https://www.youtube.com/watch?v=eZu-e5K7TJo,2025-12-30,Unknown,Full Sermon,Lead Me To Calvary
2023-03-26,Metadata Only,Faith Ibale,There is a Fountain by Sister Faith Ibale,https://www.youtube.com/watch?v=u9FqCAdsYWQ,2025-12-30,Unknown,Full Sermon,
2023-03-19,Metadata Only,Unknown Speaker,When I See The Blood,https://www.youtube.com/watch?v=fKgdDp-pHYA,2025-12-30,Unknown,Full Sermon,When I See The Blood
2023-03-12,Metadata Only,Faith Ibale,Over and Over by Sister Faith Ibale,https://www.youtube.com/watch?v=CcfaZVAWsqY,2025-12-30,Unknown,Full Sermon,Over and Over by Sister Faith Ibale
2023-03-10,Metadata Only,Joshua Muwanguzi Ngobi,Purity by Brother Joshua Muwanguzi Ngobi,https://www.youtube.com/watch?v=mTHE_6WAT7M,2025-12-30,Unknown,Full Sermon,Purity by Brother Joshua Muwanguzi Ngobi
2023-03-10,Metadata Only,Jonathan Byakika,That Word Hallelujah by Brother Jonathan Byakika,https://www.youtube.com/watch?v=9MGlYpHEJ_g,2025-12-30,Unknown,Full Sermon,That Word Hallelujah by Brother Jonathan Byakika
2023-03-10,Metadata Only,Caleb Wanda,Longing for You Lord by Brother Caleb Wanda & Moses Hanaba,https://www.youtube.com/watch?v=14Ewt6IRXsA,2025-12-30,Unknown,Full Sermon,Longing for You Lord by Brother Caleb Wanda & Moses Hanaba
2023-03-10,Metadata Only,Keren Sempa,A Living Testimony by Sister Keren Sempa,https://www.youtube.com/watch?v=lOLYGa7ZPeg,2025-12-30,Unknown,Full Sermon,A Living Testimony by Sister Keren Sempa
2023-03-10,Metadata Only,Joshua Muwanguzi Ngobi,Nkowola by Brother Joshua Muwanguzi Ngobi,https://www.youtube.com/watch?v=paHScuhWnCA,2025-12-30,Unknown,Full Sermon,Nkowola by Brother Joshua Muwanguzi Ngobi
2023-03-09,Metadata Only,Dan Ngobi,Kasita Omweta by Brother Dan Ngobi,https://www.youtube.com/watch?v=AZupCUQghHM,2025-12-30,Unknown,Full Sermon,Kasita Omweta by Brother Dan Ngobi
2023-03-09,Metadata Only,Joshua Muwanguzi Ngobi,Twile Okumusingi by Brother Joshua Muwanguzi Ngobi,https://www.youtube.com/watch?v=mMTUbUIbdZo,2025-12-30,Unknown,Full Sermon,Twile Okumusingi by Brother Joshua Muwanguzi Ngobi
2023-03-09,Metadata Only,Faith Ibale,Calling on Jesus by Sister Faith Ibale,https://www.youtube.com/watch?v=6QO4gNPiZ1c,2025-12-30,Unknown,Full Sermon,Calling on Jesus by Sister Faith Ibale
2023-03-09,Metadata Only,Faith Ibale,Prayer for our Children by Sister Faith Ibale,https://www.youtube.com/watch?v=7g5O75pAoDQ,2025-12-30,Unknown,Full Sermon,Prayer for our Children by Sister Faith Ibale
2023-03-09,Metadata Only,Faith Ibale,Valley by Sister Faith Ibale,https://www.youtube.com/watch?v=QaSJiO7UCks,2025-12-30,Unknown,Full Sermon,Am not a stranger to the Valley by Sister Faith Ibale
2023-02-19,Metadata Only,Unknown Speaker,Am a Child of  A King by Faith Ibale  #innerveilministries,https://www.youtube.com/watch?v=IwSyN1NUV6o,2025-12-30,Unknown,Full Sermon,Am a Child of  A King by Faith Ibale  #innerveilministries
2023-02-03,Metadata Only,Angella,Lord Remember Me   Sister Faith and Sister Angella,https://www.youtube.com/watch?v=b1sY_AJDbeU,2025-12-30,Unknown,Full Sermon,
2023-02-03,Metadata Only,Unknown Speaker,"Babylon is Fallen by sister Faith, Ruth and Comfort",https://www.youtube.com/watch?v=wN3Au8w-gdA,2025-12-30,Unknown,Full Sermon,
2023-02-03,Metadata Only,Furlong,The Love of God by Sister Faith and Sister Furlong,https://www.youtube.com/watch?v=vSxKV3CZFbc,2025-12-30,Unknown,Full Sermon,
2023-02-03,Metadata Only,Furlong,Psalms 23 by Sister Furlong and Sister Faith,https://www.youtube.com/watch?v=sYBQpyFM49k,2025-12-30,Unknown,Full Sermon,
2021-03-16,Metadata Only,Hannington James Katumba,Marriage series (Part 1) Why God Started Marriage by Pastor Hannington James Katumba Aug 1 2017,https://www.youtube.com/watch?v=jYbngoSgRfU,2025-12-30,Unknown,Full Sermon,Preached by Pastor Hannington James Katumba on 8th Jan  2017 - Jinja(Uganda)
2021-02-08,Metadata Only,James Hannington,Pray for your Flight,https://www.youtube.com/watch?v=3lW2-b9RfNc,2025-12-30,Unknown,Full Sermon,Pray for your Flight -Preached in December 2020 by Pr James Hannington Katumba in Dodoma(Tanzania)
2021-01-27,Metadata Only,James Hannington Katumba,RECEIVING THE MESSIAH,https://www.youtube.com/watch?v=0ERhyMIP-4A,2025-12-30,Unknown,Full Sermon,Preached in Dodoma December 2020 by Pr James Hannington Katumba
2020-05-06,Metadata Only,Ibale Stephen,Living For Others -  Pastor Ibale Stephen,https://www.youtube.com/watch?v=oiyGgr5kbCI,2025-12-30,Unknown,Full Sermon,
2020-05-04,Metadata Only,Ibale Stephen,The Rapture Is In You -  Pastor Ibale Stephen,https://www.youtube.com/watch?v=66WZxTVUK1c,2025-12-30,Unknown,Full Sermon,
