date,status,speaker,title,url,last_checked,language,type,description,duration,church,first_scraped,video_status,video_removed_date
2026-01-09,Success,LIBERACION TOTAL,UNA LIBERACION TOTAL 4,https://www.youtube.com/watch?v=8ozg6jNFVeM,2026-01-18,Unknown,Full Sermon,,0.0,Tabernaculo La Voz Del Septimo,2026-01-18,available,
2025-12-30,Success,Unknown Speaker,ALABANZAS DOM. 28 DIC. 2025 A.M.,https://www.youtube.com/watch?v=vV98PqkWxMY,2026-01-12,Unknown,Short Clip,,17.0,Tabernaculo La Voz Del Septimo,2026-01-12,available,
2025-12-30,Success,Unknown Speaker,LA CONDESCENDENCIA DE DIOS,https://www.youtube.com/watch?v=LWH3yyacR14,2026-01-12,Unknown,Church Service,,99.0,Tabernaculo La Voz Del Septimo,2026-01-12,available,
2025-12-22,Success,Unknown Speaker,ALABANZAS DOM. 21 DIC. 2025 A.M.,https://www.youtube.com/watch?v=HbF7PWoHcvg,2026-01-12,Unknown,Short Clip,,11.0,Tabernaculo La Voz Del Septimo,2026-01-12,available,
2025-12-22,Success,Unknown Speaker,UNA LIBERACIÓN TOTAL  3,https://www.youtube.com/watch?v=hnbVaVsyToE,2026-01-18,Unknown,Full Sermon,,0.0,Tabernaculo La Voz Del Septimo,2026-01-18,available,
2025-12-19,No Transcript,Unknown Speaker,ALABANZAS JUEVES 18 DIC. 2025,https://www.youtube.com/watch?v=Efum7pcCf_w,2026-01-12,Unknown,Short Clip,,35.0,Tabernaculo La Voz Del Septimo,2026-01-12,available,
2025-12-19,Success,LIBERACION TOTAL,UNA LIBERACION TOTAL 2,https://www.youtube.com/watch?v=koCJP-yOoek,2026-01-18,Unknown,Full Sermon,,0.0,Tabernaculo La Voz Del Septimo,2026-01-18,available,
2025-12-15,Success,Unknown Speaker,ALABANZAS DOM.14 DIC. 2025 A.M.,https://www.youtube.com/watch?v=iY41MVUCnhQ,2026-01-12,Unknown,Short Clip,,11.0,Tabernaculo La Voz Del Septimo,2026-01-12,available,
2025-12-15,Success,LIBERACION TOTAL,UNA LIBERACION TOTAL,https://www.youtube.com/watch?v=6p81wL-uvhA,2026-01-18,Unknown,Full Sermon,,0.0,Tabernaculo La Voz Del Septimo,2026-01-18,available,
2025-12-08,Success,ESCOGIDO,"ESCOGIDO, LLAMADO, UNGIDO Y COLOCADO",https://www.youtube.com/watch?v=qj7cfOjIU5c,2026-01-12,Spanish,Church Service,DOM 07 DIC.2025 A.M.,130.0,Tabernaculo La Voz Del Septimo,2026-01-12,available,
2025-12-05,Success,Unknown Speaker,LOS SANTOS DE LA TRIBULACIÓN,https://www.youtube.com/watch?v=CAxj6NE0EZE,2026-01-18,Unknown,Full Sermon,,0.0,Tabernaculo La Voz Del Septimo,2026-01-18,available,
2025-12-05,Success,SELLOS,"SELLOS ,TROMPETAS Y COPAS",https://www.youtube.com/watch?v=71gmOYJZ0i8,2026-01-12,Spanish,Church Service,DOM. 30 NOV 2025 A.M.,114.0,Tabernaculo La Voz Del Septimo,2026-01-12,available,
2025-12-05,Success,El Se,EL SEXTO SELLO,https://www.youtube.com/watch?v=VZ61u0V4U3o,2026-01-12,Spanish,Church Service,JUEVES 27. NOVIEMBRE 2025,83.0,Tabernaculo La Voz Del Septimo,2026-01-12,available,
2025-11-25,Success,LA EXPIACION,LA EXPIACION 2,https://www.youtube.com/watch?v=jOC_q59k0Gw,2026-01-18,Unknown,Full Sermon,,0.0,Tabernaculo La Voz Del Septimo,2026-01-18,available,
2025-11-22,Success,EXPIACION,LA EXPIACION,https://www.youtube.com/watch?v=b6QuEbMo_zA,2026-01-18,Unknown,Full Sermon,,0.0,Tabernaculo La Voz Del Septimo,2026-01-18,available,
2025-11-17,Success,Unknown Speaker,EL PARIENTE Y EL PARIENTE REDENTOR,https://www.youtube.com/watch?v=Th0aGWJ5y_s,2026-01-12,Unknown,Church Service,,88.0,Tabernaculo La Voz Del Septimo,2026-01-12,available,
2025-11-03,Success,Unknown Speaker,SUSESOS ANTES DE LA ULTIMA TROMPETA (AP.1115) 2,https://www.youtube.com/watch?v=m5yS0mAtU_w,2026-01-18,Unknown,Full Sermon,,0.0,Tabernaculo La Voz Del Septimo,2026-01-18,available,
2025-10-31,Success,Unknown Speaker,SUSESOS ANTES DE LA ULTIMA TROMPETA (AP. 115),https://www.youtube.com/watch?v=wN-Lg4joezU,2026-01-18,Unknown,Full Sermon,,0.0,Tabernaculo La Voz Del Septimo,2026-01-18,available,
2025-10-24,Success,Unknown Speaker,LA SÉPTIMA TROMPETA PARA ISRAEL  2,https://www.youtube.com/watch?v=zJ72oR9RrIE,2026-01-18,Unknown,Full Sermon,,0.0,Tabernaculo La Voz Del Septimo,2026-01-18,available,
2025-10-20,Success,SEPTIMA,LA SEPTIMA TROMPETA PARA ISRAEL,https://www.youtube.com/watch?v=ls3haFl33Z4,2026-01-18,Unknown,Full Sermon,,0.0,Tabernaculo La Voz Del Septimo,2026-01-18,available,
2025-07-21,Success,ESTAMOS AQUI PARA,ESTAMOS AQUI PARA ADORAR,https://www.youtube.com/watch?v=KoipaQWkwrQ,2026-01-12,Spanish,Short Clip,DOM./20/JULIO/2025,5.0,Tabernaculo La Voz Del Septimo,2026-01-12,available,
2025-07-21,Success,LLEVAME A TUS,LLEVAME A TUS ATRIOS,https://www.youtube.com/watch?v=9CS-EFu6eMs,2026-01-12,Spanish,Short Clip,DOM./20/JULIO/2025,4.0,Tabernaculo La Voz Del Septimo,2026-01-12,available,
2025-07-21,No Transcript,CADENA DE,CADENA DE CORITOS # 2,https://www.youtube.com/watch?v=TmdTQN0lt18,2026-01-12,Unknown,Short Clip,DOM/20/JULIO/2025,10.0,Tabernaculo La Voz Del Septimo,2026-01-12,available,
Unknown Date,No Transcript,CADENA DE,CADENA DE CORITOS,https://www.youtube.com/watch?v=N-C4OAicLdw,2026-01-12,Unknown,Church Service,,0.0,Tabernaculo La Voz Del Septimo,2026-01-12,available,
Unknown Date,No Transcript,Unknown Speaker,"JESUS, SEÑOR DE LA CREACIÓN",https://www.youtube.com/watch?v=CES9JyqzeHw,2026-01-12,Unknown,Church Service,,0.0,Tabernaculo La Voz Del Septimo,2026-01-12,available,
2024-01-28,Success,Unknown Speaker,LA SENDA DE LA IGLESIA #5 ( RECONOCIENDO LA IGLESIA VERDADERA Y LA IGLESIA FALSA),https://www.youtube.com/watch?v=KZpVN8WAH14,2026-01-18,Unknown,Full Sermon,,0.0,Tabernaculo La Voz Del Septimo,2026-01-18,available,
2024-01-21,Success,Unknown Speaker,LA SENDA DE LA IGLESIA # 3 (IDENTIFICANDO LA IGLESIA VERDADERA Y LA IGLESIA FALSA).,https://www.youtube.com/watch?v=dcZyE6GBMeo,2026-01-18,Unknown,Full Sermon,,0.0,Tabernaculo La Voz Del Septimo,2026-01-18,available,
2024-01-17,Success,ALABANZAS,ALABANZAS MIERCOLES 172024.,https://www.youtube.com/watch?v=o9Zps20BvI4,2026-01-18,Unknown,Full Sermon,,0.0,Tabernaculo La Voz Del Septimo,2026-01-18,available,
2024-01-17,Success,BAUTISMOS,BAUTISMOS EN ACAPULCO MIER17ENERO2024.,https://www.youtube.com/watch?v=WhEfObW8XSs,2026-01-12,Unknown,Short Clip,,8.0,Tabernaculo La Voz Del Septimo,2026-01-12,available,
2024-01-17,Success,Unknown Speaker,LA SENDA DE LA IGLESIA # 2 ( RECONOCIENDO LA IGLESIA VERDADERA Y LA IGLESIA  FALSA),https://www.youtube.com/watch?v=X_5JCRt1wU4,2026-01-18,Unknown,Full Sermon,,0.0,Tabernaculo La Voz Del Septimo,2026-01-18,available,
2024-01-14,Success,Unknown Speaker,LAS 5 IDENTFICACIONES DE LA IGLESIA VERDADERA DEL DIOS VIVO.. DOM.14ENE2024A.M.,https://www.youtube.com/watch?v=FZ7pBeVCShI,2026-01-18,Unknown,Full Sermon,,0.0,Tabernaculo La Voz Del Septimo,2026-01-18,available,
2024-01-10,Success,Unknown Speaker,EL TIEMPO DE LA GRACIA PARA LAS NACIONES GENTILES ( FUNDADORES Y FALSOS FUNDADORES),https://www.youtube.com/watch?v=-vjndQT1-CA,2026-01-18,Unknown,Full Sermon,,0.0,Tabernaculo La Voz Del Septimo,2026-01-18,available,
2024-01-07,Success,Unknown Speaker,SERVICIO DOM.07ENERO2024P.M.,https://www.youtube.com/watch?v=FldyCNo3IZo,2026-01-12,Unknown,Church Service,,95.0,Tabernaculo La Voz Del Septimo,2026-01-12,available,
2024-01-07,Success,Unknown Speaker,SERVICIO DOM.07ENERO2024A.M.,https://www.youtube.com/watch?v=hiCDOnZuLwk,2026-01-12,Unknown,Church Service,,84.0,Tabernaculo La Voz Del Septimo,2026-01-12,available,
2024-01-03,Success,Unknown Speaker,1SERVICIO MIE03ENE2024,https://www.youtube.com/watch?v=GYrXaNF8J_w,2026-01-18,Unknown,Full Sermon,,0.0,Tabernaculo La Voz Del Septimo,2026-01-18,available,
2024-01-01,Success,Unknown Speaker,SERVICIO DE ALABANZAS DOM.31DIC2023P.M.,https://www.youtube.com/watch?v=mZ5uN8h6RpE,2026-01-12,Unknown,Church Service,,67.0,Tabernaculo La Voz Del Septimo,2026-01-12,available,
2023-12-31,Success,Unknown Speaker,SERVICIO DOM.31DIC.2023A.M.,https://www.youtube.com/watch?v=rzjn02OkIic,2026-01-12,Unknown,Church Service,,85.0,Tabernaculo La Voz Del Septimo,2026-01-12,available,
2023-12-27,Success,Unknown Speaker,SERVICIO MIER27DIC2023,https://www.youtube.com/watch?v=pkzz6rnQ2yQ,2026-01-12,Unknown,Short Clip,,42.0,Tabernaculo La Voz Del Septimo,2026-01-12,available,
2023-12-24,Success,Unknown Speaker,SERVICIO DOM.24DIC2023P.M.,https://www.youtube.com/watch?v=iKuLXTkDQzI,2026-01-12,Unknown,Church Service,,67.0,Tabernaculo La Voz Del Septimo,2026-01-12,available,
2023-12-24,Success,Unknown Speaker,SERVICIO DOM24DIC2023A.M.,https://www.youtube.com/watch?v=EY6GieyiuIE,2026-01-12,Unknown,Church Service,,82.0,Tabernaculo La Voz Del Septimo,2026-01-12,available,
2023-12-20,Success,Unknown Speaker,SERVICIO MIE20DIC2023,https://www.youtube.com/watch?v=jhaFkLwYhFs,2026-01-12,Unknown,Church Service,,62.0,Tabernaculo La Voz Del Septimo,2026-01-12,available,
2023-12-17,Success,Unknown Speaker,SERVICIO DOM.17DIC.2023P.M.,https://www.youtube.com/watch?v=k63INRMkp2c,2026-01-12,Unknown,Church Service,,76.0,Tabernaculo La Voz Del Septimo,2026-01-12,available,
2023-12-17,Success,Unknown Speaker,SERVICIO DOM.17DIC.2023A.M.,https://www.youtube.com/watch?v=WD5ecv4m_1E,2026-01-12,Unknown,Short Clip,,47.0,Tabernaculo La Voz Del Septimo,2026-01-12,available,
2023-12-13,Success,Unknown Speaker,SERVICIO MIER13DIC2023,https://www.youtube.com/watch?v=p0qX35cV1p0,2026-01-12,Unknown,Church Service,,70.0,Tabernaculo La Voz Del Septimo,2026-01-12,available,
2023-12-10,Success,Unknown Speaker,SERVICIO DOM.10DIC.2023P.M.,https://www.youtube.com/watch?v=roGVTZ8-wwU,2026-01-12,Unknown,Church Service,,65.0,Tabernaculo La Voz Del Septimo,2026-01-12,available,
2023-12-10,Success,Unknown Speaker,SERVICIO 10DIC2023A.M,https://www.youtube.com/watch?v=x_rVKkIw6tA,2026-01-12,Unknown,Short Clip,,58.0,Tabernaculo La Voz Del Septimo,2026-01-12,available,
2023-12-06,Success,Unknown Speaker,SERVICIO MIER06DIC2023,https://www.youtube.com/watch?v=eijoBlswrzw,2026-01-12,Unknown,Short Clip,,45.0,Tabernaculo La Voz Del Septimo,2026-01-12,available,
2023-12-03,Success,FELIX,DOM03DIC2023P.M. PRED. HNO. FELIX PASCUAL.,https://www.youtube.com/watch?v=XIVmhHY7FEE,2026-01-18,Unknown,Full Sermon,,0.0,Tabernaculo La Voz Del Septimo,2026-01-18,available,
2023-11-26,Success,Unknown Speaker,SERVICIO DOM.26NOV.2023P.M.,https://www.youtube.com/watch?v=Zbt2TyaofbI,2026-01-12,Unknown,Church Service,,63.0,Tabernaculo La Voz Del Septimo,2026-01-12,available,
2023-11-26,Success,Unknown Speaker,SERVICIO DOM.26NOV.2023A.M.,https://www.youtube.com/watch?v=aQ4InAgXtpw,2026-01-12,Unknown,Short Clip,,57.0,Tabernaculo La Voz Del Septimo,2026-01-12,available,
2023-11-24,Success,Unknown Speaker,SERVICIO DOM.19NOV.2023,https://www.youtube.com/watch?v=Lpt349_LQBM,2026-01-12,Unknown,Short Clip,,59.0,Tabernaculo La Voz Del Septimo,2026-01-12,available,
2023-11-24,Success,Unknown Speaker,SERVICIO DOM.12NOV.2023P.M.,https://www.youtube.com/watch?v=JL2a05e23DM,2026-01-12,Unknown,Short Clip,,54.0,Tabernaculo La Voz Del Septimo,2026-01-12,available,
2023-11-24,Success,Unknown Speaker,SERVICIO DOM.12NOV.2023A.M.,https://www.youtube.com/watch?v=wFWyrDdxaWc,2026-01-12,Unknown,Church Service,,88.0,Tabernaculo La Voz Del Septimo,2026-01-12,available,
2023-11-13,Success,Unknown Speaker,SERVICIO DOM.05NOV2023,https://www.youtube.com/watch?v=gfSkGgDTa7s,2026-01-12,Unknown,Church Service,,62.0,Tabernaculo La Voz Del Septimo,2026-01-12,available,
2023-10-24,Success,Unknown Speaker,ALABANZAS DOM.22OCT2023P.M.,https://www.youtube.com/watch?v=mu-nZvqvVO0,2026-01-12,Unknown,Short Clip,,10.0,Tabernaculo La Voz Del Septimo,2026-01-12,available,
2023-10-23,No Transcript,Unknown Speaker,ALABANZAS DOM./22/OCT/2023/A.M.,https://www.youtube.com/watch?v=rEOURvdY1r8,2026-01-12,Unknown,Short Clip,,24.0,Tabernaculo La Voz Del Septimo,2026-01-12,available,
2023-10-22,Success,Unknown Speaker,SERVICIO DOM.22OCT2023P.M.,https://www.youtube.com/watch?v=LJl6I_dMpYA,2026-01-12,Unknown,Church Service,,92.0,Tabernaculo La Voz Del Septimo,2026-01-12,available,
2023-10-22,Success,Unknown Speaker,SERVICIO DOM.22OCT2023A.M.,https://www.youtube.com/watch?v=PoaPjWAMJAQ,2026-01-12,Unknown,Church Service,,87.0,Tabernaculo La Voz Del Septimo,2026-01-12,available,
2023-10-15,Success,Unknown Speaker,SERVICIÓ DOM.15OCT2023P.M.,https://www.youtube.com/watch?v=1kkX9hzoYDo,2026-01-18,Unknown,Full Sermon,,0.0,Tabernaculo La Voz Del Septimo,2026-01-18,available,
2023-10-15,Success,Unknown Speaker,SERVICIO DOM.15OCT2023 A.M,https://www.youtube.com/watch?v=U3VgEO8H46Q,2026-01-12,Unknown,Church Service,,71.0,Tabernaculo La Voz Del Septimo,2026-01-12,available,
2023-10-08,Success,Unknown Speaker,SERVICIO DOM08OCT2023 P.M.,https://www.youtube.com/watch?v=eLukSgb2d4U,2026-01-12,Unknown,Church Service,,76.0,Tabernaculo La Voz Del Septimo,2026-01-12,available,
2023-10-08,Success,Unknown Speaker,SERVICIO DOM.08OCT2023. A.M,https://www.youtube.com/watch?v=rtbXqhFzJpE,2026-01-12,Unknown,Short Clip,,51.0,Tabernaculo La Voz Del Septimo,2026-01-12,available,
2023-10-01,Success,Unknown Speaker,SERVICIO DOM.01OCT2023. A.M.,https://www.youtube.com/watch?v=0ZRtmGxrY80,2026-01-12,Unknown,Church Service,,90.0,Tabernaculo La Voz Del Septimo,2026-01-12,available,
2023-10-01,Success,Unknown Speaker,SERVICIO DOM.01OCT2023 P.M.,https://www.youtube.com/watch?v=mozFpUcYenQ,2026-01-12,Unknown,Church Service,,64.0,Tabernaculo La Voz Del Septimo,2026-01-12,available,
2023-09-24,Success,Unknown Speaker,SERVICIO DOM24SEP2023 A.M.,https://www.youtube.com/watch?v=Uw4w2M0kNl8,2026-01-12,Unknown,Church Service,,87.0,Tabernaculo La Voz Del Septimo,2026-01-12,available,
2023-09-24,Success,Unknown Speaker,SERVICIO DOM.24SEP2023 P.M,https://www.youtube.com/watch?v=DJ2Szyl5M2c,2026-01-12,Unknown,Short Clip,,56.0,Tabernaculo La Voz Del Septimo,2026-01-12,available,
2023-09-17,Success,Unknown Speaker,SERVICIO DOM.17SEP2023 P.M,https://www.youtube.com/watch?v=ZHS0yKZzdj0,2026-01-12,Unknown,Church Service,,84.0,Tabernaculo La Voz Del Septimo,2026-01-12,available,
2023-09-17,Success,Unknown Speaker,SERVICIO DOM17SEP2023 A.M.,https://www.youtube.com/watch?v=sSZGx0AlBcI,2026-01-12,Unknown,Church Service,,65.0,Tabernaculo La Voz Del Septimo,2026-01-12,available,
2023-09-11,Success,Unknown Speaker,SERV. 11SEP.2023 P.M.,https://www.youtube.com/watch?v=4jKdbuJCt0M,2026-01-12,Unknown,Short Clip,,52.0,Tabernaculo La Voz Del Septimo,2026-01-12,available,
2023-09-03,Success,Gilbert,Institucion De Ovejero Parte 1 Pred. Gilberto Olivares,https://www.youtube.com/watch?v=v-RCEVrlmbM,2026-01-18,Unknown,Full Sermon,,0.0,Tabernaculo La Voz Del Septimo,2026-01-18,available,
2023-09-03,Success,Gilbert,Institucion De Ovejero Parte 2 Pred. Gilberto Olivares,https://www.youtube.com/watch?v=NxiifvqzhFU,2026-01-18,Unknown,Full Sermon,,0.0,Tabernaculo La Voz Del Septimo,2026-01-18,available,
2023-08-28,Success,Unknown Speaker,28 de agosto de 2023,https://www.youtube.com/watch?v=jxUuGz5v9Ng,2026-01-12,Spanish,Church Service,,172.0,Tabernaculo La Voz Del Septimo,2026-01-12,available,
2023-08-28,Success,Unknown Speaker,28 de agosto de 2023,https://www.youtube.com/watch?v=OvKFvFHDNig,2026-01-12,Spanish,Church Service,,119.0,Tabernaculo La Voz Del Septimo,2026-01-12,available,
2023-08-20,Success,Unknown Speaker,Culto de preguntas y respuestas,https://www.youtube.com/watch?v=NNmHc7LJvlY,2026-01-12,Unknown,Church Service,,90.0,Tabernaculo La Voz Del Septimo,2026-01-12,available,
2023-08-20,Success,Unknown Speaker,2023-08-20,https://www.youtube.com/watch?v=8FN_tLA_UW4,2026-01-18,Unknown,Full Sermon,,0.0,Tabernaculo La Voz Del Septimo,2026-01-18,available,
2023-08-16,Success,Unknown Speaker,2023-08-16,https://www.youtube.com/watch?v=rLIOER2NhZg,2026-01-18,Unknown,Full Sermon,,0.0,Tabernaculo La Voz Del Septimo,2026-01-18,available,
2023-08-16,Success,Sermon 1,2023-08-16,https://www.youtube.com/watch?v=X9Xk2o8NUu4,2026-01-18,Unknown,Full Sermon,,0.0,Tabernaculo La Voz Del Septimo,2026-01-18,available,
2023-08-08,Success,Unknown Speaker,2023-08-08,https://www.youtube.com/watch?v=PcU0ROUiJ5g,2026-01-18,Unknown,Full Sermon,,0.0,Tabernaculo La Voz Del Septimo,2026-01-18,available,
,Success,,2023-08-08 - Sermon 1,https://www.youtube.com/watch?v=fCwRjGDkTNs,2026-01-18,Unknown,Full Sermon,,0.0,Tabernaculo La Voz Del Septimo,2026-01-18,available,
2023-07-31,Success,Unknown Speaker,Reconociendo Tu Dia y Tu Mensaje parte 1 Dom-30-07-2023 am,https://www.youtube.com/watch?v=kNbddDrwup0,2026-01-18,Unknown,Full Sermon,,0.0,Tabernaculo La Voz Del Septimo,2026-01-18,available,
,Success,,2023-07-31 - Sermon 1,https://www.youtube.com/watch?v=9XGNM01hn1I,2026-01-18,Unknown,Full Sermon,,0.0,Tabernaculo La Voz Del Septimo,2026-01-18,available,
,Success,,2023-07-23 - Sermon 1,https://www.youtube.com/watch?v=SN17kI45cZw,2026-01-18,Unknown,Full Sermon,,0.0,Tabernaculo La Voz Del Septimo,2026-01-18,available,
2023-07-23,Success,Unknown Speaker,2023-07-23,https://www.youtube.com/watch?v=fLvZcHb0DaE,2026-01-18,Unknown,Full Sermon,,0.0,Tabernaculo La Voz Del Septimo,2026-01-18,available,
2023-07-16,Success,Unknown Speaker,2023-07-16,https://www.youtube.com/watch?v=heeqfRPRI_w,2026-01-18,Unknown,Full Sermon,,0.0,Tabernaculo La Voz Del Septimo,2026-01-18,available,
2023-07-16,Success,Sermon 1,2023-07-16,https://www.youtube.com/watch?v=1etZSW-ElhQ,2026-01-18,Unknown,Full Sermon,,0.0,Tabernaculo La Voz Del Septimo,2026-01-18,available,
2023-07-12,Success,Sermon 1,2023-07-12,https://www.youtube.com/watch?v=mGJq3zDZ9WY,2026-01-18,Unknown,Full Sermon,,0.0,Tabernaculo La Voz Del Septimo,2026-01-18,available,
2023-07-12,Success,Unknown Speaker,2023-07-12,https://www.youtube.com/watch?v=oUdp_J_tKQo,2026-01-18,Unknown,Full Sermon,,0.0,Tabernaculo La Voz Del Septimo,2026-01-18,available,
2023-07-02,Success,Sermon 1,2023-07-02,https://www.youtube.com/watch?v=6yOTo7G5q_c,2026-01-18,Unknown,Full Sermon,,0.0,Tabernaculo La Voz Del Septimo,2026-01-18,available,
2023-07-02,Success,Unknown Speaker,2023-07-02,https://www.youtube.com/watch?v=m1c_K2b7mR8,2026-01-18,Unknown,Full Sermon,,0.0,Tabernaculo La Voz Del Septimo,2026-01-18,available,
2023-06-25,Success,Unknown Speaker,2023-06-25,https://www.youtube.com/watch?v=iRjx9D9LXTs,2026-01-18,Unknown,Full Sermon,,0.0,Tabernaculo La Voz Del Septimo,2026-01-18,available,
2023-06-25,Success,Santiago Martinez,Alimento Espiritual A Su Debido Tiempo Parte 1 Hno.Santiago Martinez.,https://www.youtube.com/watch?v=Z7M-cJuy-fE,2026-01-18,Unknown,Full Sermon,,0.0,Tabernaculo La Voz Del Septimo,2026-01-18,available,
2023-06-22,No Transcript,Unknown Speaker,SERVICIO DE ORACIÓN MIÉRCOLES 21/06/2023,https://www.youtube.com/watch?v=sHV1MBGHGxk,2026-01-12,Unknown,Short Clip,,53.0,Tabernaculo La Voz Del Septimo,2026-01-12,available,
2023-06-18,Success,TUTELA DEL,TUTELA DEL APOSTOL PABLO 11 DOM. P.M. 18062023,https://www.youtube.com/watch?v=SMCEcCuCHUg,2026-01-18,Unknown,Full Sermon,,0.0,Tabernaculo La Voz Del Septimo,2026-01-18,available,
2023-06-18,Success,VIOLACION,VIOLACION DE EL TEMPLO DE DIOS DOM. AM 18 de junio de 2023,https://www.youtube.com/watch?v=pX7L51Ow53E,2026-01-18,Unknown,Full Sermon,,0.0,Tabernaculo La Voz Del Septimo,2026-01-18,available,
2023-06-15,Success,Voz De,"Rebautizos, hnos del tabernaculo La Voz Del Septimo Angel.",https://www.youtube.com/watch?v=eVHlW3apD-Y,2026-01-18,Unknown,Full Sermon,,0.0,Tabernaculo La Voz Del Septimo,2026-01-18,available,
2023-06-15,Success,Gilberto Olivares Monrroy,"La Poderosa Revelacion, Predicador Hno.Gilberto Olivares Monrroy.",https://www.youtube.com/watch?v=TuqEse0OlOM,2026-01-12,Spanish,Church Service,,103.0,Tabernaculo La Voz Del Septimo,2026-01-12,available,
2023-06-12,Success,TUTELA DEL,TUTELA DEL APOSTOL PABLO EN CORINTO 9 DOM. AM 11 de junio de 2023,https://www.youtube.com/watch?v=iab8JDj4iK4,2026-01-18,Unknown,Full Sermon,,0.0,Tabernaculo La Voz Del Septimo,2026-01-18,available,
2023-06-12,Success,TUTELA DEL,TUTELA DEL APOSTOL PABLO EN CORINTO 10 DOM. PM. 11 de junio de 2023,https://www.youtube.com/watch?v=SqUxgUqt09w,2026-01-18,Unknown,Full Sermon,,0.0,Tabernaculo La Voz Del Septimo,2026-01-18,available,
2023-04-06,Success,Unknown Speaker,ACEPTACION CONYUGAL 2 DOM. P.M. 04062023,https://www.youtube.com/watch?v=imy3pK9MS4s,2026-01-18,Unknown,Full Sermon,,0.0,Tabernaculo La Voz Del Septimo,2026-01-18,available,
2023-04-06,Success,PROBAD LOS,PROBAD LOS ESPIRITUS Y ACEPTACION CONYUGAL DOM. A.M. 04062023,https://www.youtube.com/watch?v=DZwBgzyxiPk,2026-01-18,Unknown,Full Sermon,,0.0,Tabernaculo La Voz Del Septimo,2026-01-18,available,
2023-06-02,Success,Unknown Speaker,4 SERVICIO ESPECIAL MIERCOLES 31 DE MAYO 2023,https://www.youtube.com/watch?v=xbV7LeEOJNg,2026-01-18,Unknown,Full Sermon,,0.0,Tabernaculo La Voz Del Septimo,2026-01-18,available,
2023-05-29,Success,TUTELA DEL,TUTELA DEL APOSTOL PABLO EN CORINTO 8 DOM. P.M. 28052023,https://www.youtube.com/watch?v=ykl99IN3m2E,2026-01-18,Unknown,Full Sermon,,0.0,Tabernaculo La Voz Del Septimo,2026-01-18,available,
2023-05-29,Success,TUTELA DEL,TUTELA DEL APOSTOL PABLO EN CORINTO 7 DOM. A.M. 28052023,https://www.youtube.com/watch?v=WRn2SHXrd_4,2026-01-18,Unknown,Full Sermon,,0.0,Tabernaculo La Voz Del Septimo,2026-01-18,available,
2023-05-25,Success,Unknown Speaker,3° SERVICIO ESPECIAL MIÉRCOLES  24052023,https://www.youtube.com/watch?v=sSrVfPGSRCA,2026-01-18,Unknown,Full Sermon,,0.0,Tabernaculo La Voz Del Septimo,2026-01-18,available,
2023-05-22,Success,TUTELA,TUTELA DEL APOSTOL PABLO EN CORINTO 6 DOM. P.M. 21052023,https://www.youtube.com/watch?v=Hy_ajS6RWwg,2026-01-18,Unknown,Full Sermon,,0.0,Tabernaculo La Voz Del Septimo,2026-01-18,available,
2023-05-22,Success,TUETELA,TUETELA DEL APOSTOL PABLO EN CORINTO 5 DOM. A.M.21052023,https://www.youtube.com/watch?v=KyN5ElvPbA0,2026-01-18,Unknown,Full Sermon,,0.0,Tabernaculo La Voz Del Septimo,2026-01-18,available,
2023-05-20,Success,Unknown Speaker,2° SERVICIO ESPECIAL.  MIER.17052023,https://www.youtube.com/watch?v=wMUK_hV4fsQ,2026-01-18,Unknown,Full Sermon,,0.0,Tabernaculo La Voz Del Septimo,2026-01-18,available,
2023-05-14,Success,TUTELA DEL,TUTELA DEL APOSTOL PABLO EN CORINTO 3 DOM. A.M. 14052023,https://www.youtube.com/watch?v=6ZxLp71OQiE,2026-01-18,Unknown,Full Sermon,,0.0,Tabernaculo La Voz Del Septimo,2026-01-18,available,
2023-05-14,Success,Unknown Speaker,TUTELA DEL APÓSTOL PABLO EN CORINTO #4 DOM. P.M. 14052023,https://www.youtube.com/watch?v=qNlvBx1ISd8,2026-01-18,Unknown,Full Sermon,,0.0,Tabernaculo La Voz Del Septimo,2026-01-18,available,
2023-10-05,Success,Unknown Speaker,1 CULTO ESPECIAL MIERCOLES. 10052023,https://www.youtube.com/watch?v=y7yucMNwIow,2026-01-18,Unknown,Full Sermon,,0.0,Tabernaculo La Voz Del Septimo,2026-01-18,available,
2023-07-05,Success,TUTELA DEL,TUTELA DEL APOSTOL PABLO EN CORINTO 1. DOM. A.M. 07052023,https://www.youtube.com/watch?v=NMXXwMd2dnU,2026-01-18,Unknown,Full Sermon,,0.0,Tabernaculo La Voz Del Septimo,2026-01-18,available,
2023-07-05,No Transcript,TUTELA DEL,TUTELA DEL APÓSTOL PABLO EN CORINTO #2.    DOM. P.M.  07/05/2023,https://www.youtube.com/watch?v=qHtDcCm83es,2026-01-12,Unknown,Church Service,,154.0,Tabernaculo La Voz Del Septimo,2026-01-12,available,
2023-03-05,Success,Unknown Speaker,MIERCOLES 03052023,https://www.youtube.com/watch?v=RhIXlSTVGoM,2026-01-18,Unknown,Full Sermon,,0.0,Tabernaculo La Voz Del Septimo,2026-01-18,available,
2023-04-30,Success,Unknown Speaker,DOM. A.M.  23042023,https://www.youtube.com/watch?v=mPOqDVYPK1k,2026-01-18,Unknown,Full Sermon,,0.0,Tabernaculo La Voz Del Septimo,2026-01-18,available,
2023-04-30,Success,Unknown Speaker,MIERCOLES 2604 2023,https://www.youtube.com/watch?v=Zxd47e5pR4U,2026-01-18,Unknown,Full Sermon,,0.0,Tabernaculo La Voz Del Septimo,2026-01-18,available,
2023-04-30,Success,Unknown Speaker,DOM. P.M. 23042023,https://www.youtube.com/watch?v=jV-MEhAq8Zk,2026-01-12,Unknown,Short Clip,,48.0,Tabernaculo La Voz Del Septimo,2026-01-12,available,
2023-04-20,Success,Unknown Speaker,CREYENDO LA PROMESA #3.   MIÉRCOLES 19042023,https://www.youtube.com/watch?v=j5nyhgB7__0,2026-01-18,Unknown,Full Sermon,,0.0,Tabernaculo La Voz Del Septimo,2026-01-18,available,
2023-04-16,Success,Unknown Speaker,DISCERNIMIENTO DEL ESPÍRITU.   A.M.16042023,https://www.youtube.com/watch?v=kki5oxajvr0,2026-01-18,Unknown,Full Sermon,,0.0,Tabernaculo La Voz Del Septimo,2026-01-18,available,
2023-04-16,Success,Unknown Speaker,EL PROPOSITO DE DIOS 2 P.M. 16042023,https://www.youtube.com/watch?v=UEa57J9IhWo,2026-01-18,Unknown,Full Sermon,,0.0,Tabernaculo La Voz Del Septimo,2026-01-18,available,
2023-12-04,Success,Unknown Speaker,LA SALVACION. MIERCOLES12042023,https://www.youtube.com/watch?v=fcy6xHqI29A,2026-01-18,Unknown,Full Sermon,,0.0,Tabernaculo La Voz Del Septimo,2026-01-18,available,
2023-09-04,Success,Unknown Speaker,LA PERFECCION A.M. 09042023,https://www.youtube.com/watch?v=q3AkLUIvMGk,2026-01-18,Unknown,Full Sermon,,0.0,Tabernaculo La Voz Del Septimo,2026-01-18,available,
2023-09-04,Success,Unknown Speaker,LA PERFECIÓN #2  P.M.  09042023,https://www.youtube.com/watch?v=dmi6NyYpXvA,2026-01-18,Unknown,Full Sermon,,0.0,Tabernaculo La Voz Del Septimo,2026-01-18,available,
2023-05-04,No Transcript,Unknown Speaker,CREYENDO LA PROMESA #2.   MIÉRCOLES 05/04/2023,https://www.youtube.com/watch?v=Ah1wcRGsqKY,2026-01-12,Unknown,Church Service,,162.0,Tabernaculo La Voz Del Septimo,2026-01-12,available,
2023-02-04,Success,PERSECUCION,PERSECUCION POR CAUSA DE TU LLAMADO 2 A.M.02042023,https://www.youtube.com/watch?v=eedwZU3Wmu8,2026-01-18,Unknown,Full Sermon,,0.0,Tabernaculo La Voz Del Septimo,2026-01-18,available,
2023-02-04,Success,Unknown Speaker,EL HOMBRE ESPIRITUAL 2 P.M.02042023,https://www.youtube.com/watch?v=9lw6Rj6tyis,2026-01-18,Unknown,Full Sermon,,0.0,Tabernaculo La Voz Del Septimo,2026-01-18,available,
2023-03-31,Success,FLAVIO,LA PALABRA QUE ESTA SALIENDO EN ESTE TIEMPO. MIERCOLES 29032023,https://www.youtube.com/watch?v=JI-A9vXA0PU,2026-01-18,Unknown,Full Sermon,,0.0,Tabernaculo La Voz Del Septimo,2026-01-18,available,
2023-03-27,Success,Unknown Speaker,PERSECUCIÓN POR CAUSA DE TU LLAMADO A.M.  26032023,https://www.youtube.com/watch?v=zX_kXD_V0LQ,2026-01-18,Unknown,Full Sermon,,0.0,Tabernaculo La Voz Del Septimo,2026-01-18,available,
2023-03-27,Success,Unknown Speaker,CREYENDO LA PROMESA P.M. 26032023,https://www.youtube.com/watch?v=gyc9x5Cq9GM,2026-01-18,Unknown,Full Sermon,,0.0,Tabernaculo La Voz Del Septimo,2026-01-18,available,
2023-03-22,Success,Unknown Speaker,EL HOMBRE ESPIRITUAL.    MIÉRCOLES 22032023,https://www.youtube.com/watch?v=iqgOBAu0EPs,2026-01-18,Unknown,Full Sermon,,0.0,Tabernaculo La Voz Del Septimo,2026-01-18,available,
2023-03-20,Success,LIMPIEMOS,"LIMPIEMOS EN TODO NUESTRO SER (CUERPO, ESPIRITU Y ALMA)19032023 A.M.",https://www.youtube.com/watch?v=33p_knHZGgY,2026-01-18,Unknown,Full Sermon,,0.0,Tabernaculo La Voz Del Septimo,2026-01-18,available,
2023-03-20,Success,Unknown Speaker,EL PROPÓSITO DE DIOS 19032023 P.M.,https://www.youtube.com/watch?v=G7kxpsVGjrA,2026-01-18,Unknown,Full Sermon,,0.0,Tabernaculo La Voz Del Septimo,2026-01-18,available,
2023-03-17,Success,Unknown Speaker,PONIENDO EL CORAZÓN EN LA PALABRA.   MIÉRCOLES 15032023,https://www.youtube.com/watch?v=BdyqoOxOBN4,2026-01-18,Unknown,Full Sermon,,0.0,Tabernaculo La Voz Del Septimo,2026-01-18,available,
2023-12-03,Success,Unknown Speaker,QUE ES VUESTRA VIDA P.M. 12032023,https://www.youtube.com/watch?v=Ec_XU4CGqdA,2026-01-18,Unknown,Full Sermon,,0.0,Tabernaculo La Voz Del Septimo,2026-01-18,available,
2023-12-03,Success,Unknown Speaker,QUE ES VUESTRA VIDA A.M. 12032023,https://www.youtube.com/watch?v=VEBpPZJ6FgU,2026-01-18,Unknown,Full Sermon,,0.0,Tabernaculo La Voz Del Septimo,2026-01-18,available,
2023-03-06,Success,Unknown Speaker,PREPARACIÓN A.M. 26022023,https://www.youtube.com/watch?v=HIjDkuG0ByQ,2026-01-18,Unknown,Full Sermon,,0.0,Tabernaculo La Voz Del Septimo,2026-01-18,available,
2023-03-06,Success,Unknown Speaker,PREPARACION P.M. 26022023,https://www.youtube.com/watch?v=mjabc7e2pZI,2026-01-18,Unknown,Full Sermon,,0.0,Tabernaculo La Voz Del Septimo,2026-01-18,available,
2023-05-03,Success,Unknown Speaker,EL PODER DE LA RESURRECCIÓN A.M. 05032023,https://www.youtube.com/watch?v=MwzORhm8xsg,2026-01-18,Unknown,Full Sermon,,0.0,Tabernaculo La Voz Del Septimo,2026-01-18,available,
2023-05-03,Success,Unknown Speaker,PENTECOSTES HOY P.M. 05032023,https://www.youtube.com/watch?v=-STa1y2CAUU,2026-01-18,Unknown,Full Sermon,,0.0,Tabernaculo La Voz Del Septimo,2026-01-18,available,
2023-02-20,Success,Unknown Speaker,TODO FLUYE EN LA MISMA DIRECCIÓN QUE FLUYE (GAL. 67) P.M. 19022023,https://www.youtube.com/watch?v=YT5g6Pc6gQ4,2026-01-18,Unknown,Full Sermon,,0.0,Tabernaculo La Voz Del Septimo,2026-01-18,available,
2023-02-20,Success,Unknown Speaker,TODO FLUYE EN LA MISMA DIRECCIÓN QUE FLUYE (GAL. 67).A.M. 19022023,https://www.youtube.com/watch?v=cNzJILnGKdo,2026-01-18,Unknown,Full Sermon,,0.0,Tabernaculo La Voz Del Septimo,2026-01-18,available,
2023-12-02,Success,Unknown Speaker,ROMANOS 89 P.M. 12022023,https://www.youtube.com/watch?v=JwEAJCsAtSE,2026-01-18,Unknown,Full Sermon,,0.0,Tabernaculo La Voz Del Septimo,2026-01-18,available,
2023-12-02,Success,Unknown Speaker,ROMANOS 89. A.M. 12022023,https://www.youtube.com/watch?v=CK7hF1ksYzA,2026-01-18,Unknown,Full Sermon,,0.0,Tabernaculo La Voz Del Septimo,2026-01-18,available,
2023-05-02,Success,LA ADORACION,LA ADORACION ES EN ESPIRITU Y VERDAD A.M. 05022023,https://www.youtube.com/watch?v=SOEwV7zBBuM,2026-01-18,Unknown,Full Sermon,,0.0,Tabernaculo La Voz Del Septimo,2026-01-18,available,
2023-05-02,Success,LA ADORACION,LA ADORACION ES EN ESPIRITU Y VERDAD P.M. 05022023,https://www.youtube.com/watch?v=AL7fCQwpTAI,2026-01-18,Unknown,Full Sermon,,0.0,Tabernaculo La Voz Del Septimo,2026-01-18,available,
2023-02-01,Success,Unknown Speaker,EL ADN DE DIOS 3. 29012023 A.M.,https://www.youtube.com/watch?v=l-0vlwAVZUA,2026-01-18,Unknown,Full Sermon,,0.0,Tabernaculo La Voz Del Septimo,2026-01-18,available,
2023-02-01,Success,Unknown Speaker,EL ADN DE DIOS #4.       29012023P.M.,https://www.youtube.com/watch?v=04Dpj-oeReo,2026-01-18,Unknown,Full Sermon,,0.0,Tabernaculo La Voz Del Septimo,2026-01-18,available,
2023-01-22,Success,Unknown Speaker,EL ADN DE DIOS.  P.M.    22012023,https://www.youtube.com/watch?v=DZIapRFIfjw,2026-01-18,Unknown,Full Sermon,,0.0,Tabernaculo La Voz Del Septimo,2026-01-18,available,
2023-01-22,Success,Unknown Speaker,EL ADN DE DIOS.  A.M.     22012023,https://www.youtube.com/watch?v=gDLeXkpZ_C8,2026-01-18,Unknown,Full Sermon,,0.0,Tabernaculo La Voz Del Septimo,2026-01-18,available,
2023-01-16,Success,Unknown Speaker,DISCERNIENDO EL ESPIRITU. (Orden de la iglesia) A. M. 15012023,https://www.youtube.com/watch?v=L2JXaNYIfI0,2026-01-18,Unknown,Full Sermon,,0.0,Tabernaculo La Voz Del Septimo,2026-01-18,available,
2023-01-16,Success,Unknown Speaker,DISCERNIENDO EL ESPIRITU. (Orden de la iglesia) P. M. 15012023,https://www.youtube.com/watch?v=zFD7Y4S-Zng,2026-01-18,Unknown,Full Sermon,,0.0,Tabernaculo La Voz Del Septimo,2026-01-18,available,
2023-01-13,Success,Unknown Speaker,DISCERNIENDO EL ESPIRITU. ACAPULCO GRO.13 de enero de 2023,https://www.youtube.com/watch?v=CIiW0-NRMck,2026-01-18,Unknown,Full Sermon,,0.0,Tabernaculo La Voz Del Septimo,2026-01-18,available,
2023-01-08,Success,Unknown Speaker,ES TIEMPO DE LEVANTARNOS #3.   8 de enero de 2023,https://www.youtube.com/watch?v=XfZdNLmgw3s,2026-01-18,Unknown,Full Sermon,,0.0,Tabernaculo La Voz Del Septimo,2026-01-18,available,
2023-01-08,Success,Unknown Speaker,EL PAN DE VIDA P.M. 8 de enero de 2023,https://www.youtube.com/watch?v=_bSoSjKDWow,2026-01-18,Unknown,Full Sermon,,0.0,Tabernaculo La Voz Del Septimo,2026-01-18,available,
2023-01-02,Success,Unknown Speaker,ES TIEMPO DE LEVANTARNOS a.m. 01 de enero de 2023,https://www.youtube.com/watch?v=_mGaLVaf1kk,2026-01-18,Unknown,Full Sermon,,0.0,Tabernaculo La Voz Del Septimo,2026-01-18,available,
2023-01-01,No Transcript,Unknown Speaker,ES TIEMPO DE LEVANTARNOS   p.m.   01/01/2023,https://www.youtube.com/watch?v=JpESCOGhApM,2026-01-12,Unknown,Church Service,,121.0,Tabernaculo La Voz Del Septimo,2026-01-12,available,
2022-12-26,Success,Unknown Speaker,ARREPENTIMIENTO A.M.   25 de diciembre de 2022,https://www.youtube.com/watch?v=3cVOSDzR8X8,2026-01-18,Unknown,Full Sermon,,0.0,Tabernaculo La Voz Del Septimo,2026-01-18,available,
2022-12-26,Success,Unknown Speaker,ARREPENTIMIENTO P.M.  25 de diciembre de 2022,https://www.youtube.com/watch?v=i0QU5O8FHbw,2026-01-18,Unknown,Full Sermon,,0.0,Tabernaculo La Voz Del Septimo,2026-01-18,available,
2022-12-22,Success,Unknown Speaker,DIOS DEMANDA OBEDIENCIA P.M.    18 de diciembre de 2022,https://www.youtube.com/watch?v=xIvCV5bEaDI,2026-01-18,Unknown,Full Sermon,,0.0,Tabernaculo La Voz Del Septimo,2026-01-18,available,
2022-12-22,Success,Unknown Speaker,DIOS DEMANDA OBEDIENCIA A.M.   18 de diciembre de 2022,https://www.youtube.com/watch?v=CZg8XowLFhU,2026-01-18,Unknown,Full Sermon,,0.0,Tabernaculo La Voz Del Septimo,2026-01-18,available,
2022-12-12,No Transcript,Unknown Speaker,12 de diciembre de 2022,https://www.youtube.com/watch?v=IdedHFOoL4s,2026-01-12,Unknown,Church Service,,174.0,Tabernaculo La Voz Del Septimo,2026-01-12,available,
2022-12-12,No Transcript,Unknown Speaker,12 de diciembre de 2022,https://www.youtube.com/watch?v=tpyAxZ8l6dE,2026-01-12,Unknown,Church Service,,119.0,Tabernaculo La Voz Del Septimo,2026-01-12,available,
2022-12-04,Success,Unknown Speaker,4 de diciembre de 2022,https://www.youtube.com/watch?v=lYdNdjSbfkM,2026-01-12,Spanish,Church Service,,158.0,Tabernaculo La Voz Del Septimo,2026-01-12,available,
2022-12-04,Success,Unknown Speaker,4 de diciembre de 2022,https://www.youtube.com/watch?v=LYe8O5TQtgc,2026-01-12,Spanish,Church Service,,132.0,Tabernaculo La Voz Del Septimo,2026-01-12,available,
2022-11-27,Success,Unknown Speaker,"PUESTOS LOS OJOS EN EL AUTOR Y CONSUMADOR DE LA FE, EN JESUS. P.M. 27 de Nov. de 2022",https://www.youtube.com/watch?v=qlJ7BvFOXt8,2026-01-18,Unknown,Full Sermon,,0.0,Tabernaculo La Voz Del Septimo,2026-01-18,available,
2022-11-27,Success,Unknown Speaker,"PUESTOS LOS OJOS EN EL AUTOR Y CONSUMADOR DE LA FE, EN JESUS. A.M. 27 de Nov. de 2022",https://www.youtube.com/watch?v=IQLiwTLuX2Q,2026-01-18,Unknown,Full Sermon,,0.0,Tabernaculo La Voz Del Septimo,2026-01-18,available,
2022-11-20,Success,Unknown Speaker,LA SABIDURÍA.  P.M. 20 de noviembre de 2022,https://www.youtube.com/watch?v=l7CFTgmhJiE,2026-01-18,Unknown,Full Sermon,,0.0,Tabernaculo La Voz Del Septimo,2026-01-18,available,
2022-11-20,No Transcript,Unknown Speaker,LA SABIDURÍA.  A.M.  20 de noviembre de 2022,https://www.youtube.com/watch?v=q3cDw3j_h6I,2026-01-12,Unknown,Church Service,,144.0,Tabernaculo La Voz Del Septimo,2026-01-12,available,
2022-11-14,Success,Unknown Speaker,SANTIAGO 16      13 de noviembre de 2022,https://www.youtube.com/watch?v=nSzeRYXdTMY,2026-01-18,Unknown,Full Sermon,,0.0,Tabernaculo La Voz Del Septimo,2026-01-18,available,
2022-11-14,Success,Unknown Speaker,SANTIAGO 16 PARTE 2 13 de noviembre de 2022,https://www.youtube.com/watch?v=5XOznrK7GqM,2026-01-18,Unknown,Full Sermon,,0.0,Tabernaculo La Voz Del Septimo,2026-01-18,available,
2022-11-07,Success,Unknown Speaker,TEMA 2 DE CORINTIOS 211 6 de noviembre de 2022,https://www.youtube.com/watch?v=je-7RlJjEpw,2026-01-18,Unknown,Full Sermon,,0.0,Tabernaculo La Voz Del Septimo,2026-01-18,available,
2022-11-07,Success,Unknown Speaker,TEMA 2 DE CORINTIOS 211  PARTE 2.       6 de noviembre de 2022,https://www.youtube.com/watch?v=UJdEokEmTFQ,2026-01-18,Unknown,Full Sermon,,0.0,Tabernaculo La Voz Del Septimo,2026-01-18,available,
2022-10-30,Success,CUANDO,CUANDO LE ABRES PUERTAS A ESPIRITUS MALOS. 30 de octubre de 2022,https://www.youtube.com/watch?v=droFePpOsLs,2026-01-18,Unknown,Full Sermon,,0.0,Tabernaculo La Voz Del Septimo,2026-01-18,available,
2022-10-30,Success,CUANDO,CUANDO LE ABRES PUERTAS A ESPIRITUS MALOS. PARTE 2 30 de octubre de 2022,https://www.youtube.com/watch?v=aO55WGS7c2Q,2026-01-18,Unknown,Full Sermon,,0.0,Tabernaculo La Voz Del Septimo,2026-01-18,available,
2022-10-24,Success,Unknown Speaker,BAUTIZOS HNA. MARTHA Y HNA JESICA.    16 de octubre de 2022,https://www.youtube.com/watch?v=ugq36uqQY4Q,2026-01-18,Unknown,Full Sermon,,0.0,Tabernaculo La Voz Del Septimo,2026-01-18,available,
2022-10-23,Success,Unknown Speaker,TEN CONFIANZA EL VA CONTIGO    23 de octubre de 2022,https://www.youtube.com/watch?v=nWeV3sYKDP8,2026-01-18,Unknown,Full Sermon,,0.0,Tabernaculo La Voz Del Septimo,2026-01-18,available,
2022-10-23,Success,Unknown Speaker,TEN CONFIANZA EL VA CONTIGO PARTE 2. 23 de octubre de 2022,https://www.youtube.com/watch?v=j4gVjT0q750,2026-01-18,Unknown,Full Sermon,,0.0,Tabernaculo La Voz Del Septimo,2026-01-18,available,
2022-10-20,Success,Unknown Speaker,LAS PALABRAS DE DIOS SON ESPÍRITU Y SON VIDA 16 de octubre de 2022,https://www.youtube.com/watch?v=bgkZJTV6gfc,2026-01-18,Unknown,Full Sermon,,0.0,Tabernaculo La Voz Del Septimo,2026-01-18,available,
2022-10-20,No Transcript,Unknown Speaker,"""LAS PALABRAS DE DIOS SON ESPÍRITU Y SON VIDA # 2""   16 de octubre de 2022",https://www.youtube.com/watch?v=h1TFFzsWXRg,2026-01-12,Unknown,Church Service,,123.0,Tabernaculo La Voz Del Septimo,2026-01-12,available,
2022-10-10,Success,Unknown Speaker,MARIA MAGDALENA. 09 de octubre de 2022,https://www.youtube.com/watch?v=3g1JbfRmXo4,2026-01-18,Unknown,Full Sermon,,0.0,Tabernaculo La Voz Del Septimo,2026-01-18,available,
2022-10-10,Success,Unknown Speaker,MAYORDOMIA 09 de octubre de 2022,https://www.youtube.com/watch?v=Dqe0kXsFusk,2026-01-18,Unknown,Full Sermon,,0.0,Tabernaculo La Voz Del Septimo,2026-01-18,available,
2022-10-03,Success,FLAVIO Y,LA AUDITORIA FINAL (CEREMONIA MATRIMONIAL HNO. FLAVIO Y HNA. ITZEL) 2 de Octubre de 2022,https://www.youtube.com/watch?v=eGmDvSbX1WQ,2026-01-18,Unknown,Full Sermon,,0.0,Tabernaculo La Voz Del Septimo,2026-01-18,available,
2022-09-26,Success,Unknown Speaker,MATRIMONIO ¿QUIEN DE LOS HOMBRES..... PARTE 2.      25 de septiembre de 2022,https://www.youtube.com/watch?v=Z_Rbd6Kpiqg,2026-01-18,Unknown,Full Sermon,,0.0,Tabernaculo La Voz Del Septimo,2026-01-18,available,
2022-09-26,Success,Unknown Speaker,MATRIMONIO  ¿QUIEN DE LOS HOMBRES.....25 de septiembre de 2022,https://www.youtube.com/watch?v=u3VPAINUXCM,2026-01-18,Unknown,Full Sermon,,0.0,Tabernaculo La Voz Del Septimo,2026-01-18,available,
2022-09-20,Success,Unknown Speaker,MATRIMONIO SUBTEMA DIVORCIO. 18 de septiembre de 2022,https://www.youtube.com/watch?v=Ygdj1qv4c0U,2026-01-18,Unknown,Full Sermon,,0.0,Tabernaculo La Voz Del Septimo,2026-01-18,available,
2022-09-20,No Transcript,Unknown Speaker,MATRINONIO  SUBTEMA DIVORCIO 2ª PARTE.        18 de septiembre de 2022,https://www.youtube.com/watch?v=x_hBdyHKUao,2026-01-12,Unknown,Church Service,,129.0,Tabernaculo La Voz Del Septimo,2026-01-12,available,
2022-09-12,No Transcript,Unknown Speaker,"TEMA  "" MASTURBACIÓN"" 11 de septiembre de 2022",https://www.youtube.com/watch?v=ENKD3mzeuPk,2026-01-12,Unknown,Church Service,,190.0,Tabernaculo La Voz Del Septimo,2026-01-12,available,
2022-09-12,Success,Unknown Speaker,TEMA MASTURBACIÓN PARTE 2      11 de septiembre de 2022,https://www.youtube.com/watch?v=YYtorA3vN28,2026-01-18,Unknown,Full Sermon,,0.0,Tabernaculo La Voz Del Septimo,2026-01-18,available,
2022-09-06,Success,Unknown Speaker,MATRIMONIO ( MAS COMO EN LOS DIAS DE NOE). 4 de septiembre de 2022,https://www.youtube.com/watch?v=8nguNCgqYto,2026-01-18,Unknown,Full Sermon,,0.0,Tabernaculo La Voz Del Septimo,2026-01-18,available,
2022-09-06,Success,Unknown Speaker,MATRIMONIO (COMO FUE EN LOS DÍAS DE LOT).      4 de septiembre de 2022,https://www.youtube.com/watch?v=RdpG0avTGoo,2026-01-18,Unknown,Full Sermon,,0.0,Tabernaculo La Voz Del Septimo,2026-01-18,available,
2022-08-29,Success,Unknown Speaker,ADVERTENCIA DEL TIEMPO     28 de agosto de 2022,https://www.youtube.com/watch?v=qCRpP0KGuT0,2026-01-18,Unknown,Full Sermon,,0.0,Tabernaculo La Voz Del Septimo,2026-01-18,available,
2022-08-29,Success,Unknown Speaker,ADVERTENCIA       28 de agosto de 2022,https://www.youtube.com/watch?v=TvXFnLsplxk,2026-01-18,Unknown,Full Sermon,,0.0,Tabernaculo La Voz Del Septimo,2026-01-18,available,
2022-08-22,Success,Unknown Speaker,BAUTISMO DE LA HNA. NOHEMI S. R. 21 de agosto de 2022,https://www.youtube.com/watch?v=Vmx2iRWe_3w,2026-01-18,Unknown,Full Sermon,,0.0,Tabernaculo La Voz Del Septimo,2026-01-18,available,
2022-08-22,Success,Unknown Speaker,MATRIMONIO. 6. 21 de agosto de 2022,https://www.youtube.com/watch?v=p4PQCzosP-g,2026-01-18,Unknown,Full Sermon,,0.0,Tabernaculo La Voz Del Septimo,2026-01-18,available,
2022-08-22,Success,Unknown Speaker,MATRIMONIO 5. 21 de agosto de 2022,https://www.youtube.com/watch?v=T7vqhPBXj7Y,2026-01-18,Unknown,Full Sermon,,0.0,Tabernaculo La Voz Del Septimo,2026-01-18,available,
2022-08-15,Success,Unknown Speaker,MATRIMONIO 3 14 de agosto de 2022,https://www.youtube.com/watch?v=PnO8gGXL4mU,2026-01-18,Unknown,Full Sermon,,0.0,Tabernaculo La Voz Del Septimo,2026-01-18,available,
2022-08-15,Success,Unknown Speaker,MATRIMONIO #4        14 de agosto de 2022,https://www.youtube.com/watch?v=lyjlFnONEOY,2026-01-18,Unknown,Full Sermon,,0.0,Tabernaculo La Voz Del Septimo,2026-01-18,available,
2022-08-09,Success,Unknown Speaker,MATRIMONIO      7 de agosto de 2022,https://www.youtube.com/watch?v=ZgLgEc28Kw4,2026-01-18,Unknown,Full Sermon,,0.0,Tabernaculo La Voz Del Septimo,2026-01-18,available,
2022-08-09,Success,Unknown Speaker,MATRIMONIO # 2      7 de agosto de 2022,https://www.youtube.com/watch?v=qcj-wj51F7A,2026-01-18,Unknown,Full Sermon,,0.0,Tabernaculo La Voz Del Septimo,2026-01-18,available,
2022-08-02,Success,Unknown Speaker,DIOS BUSCANDO SU SIMIENTE #1.             31 de Julio de 2022,https://www.youtube.com/watch?v=wBtt-8LWrnI,2026-01-18,Unknown,Full Sermon,,0.0,Tabernaculo La Voz Del Septimo,2026-01-18,available,
2022-08-01,No Transcript,Unknown Speaker,DIOS BUSCANDO SU SIMIENTE. #2.             31 de Julio de 2022,https://www.youtube.com/watch?v=fqbglg7T0kI,2026-01-12,Unknown,Church Service,,158.0,Tabernaculo La Voz Del Septimo,2026-01-12,available,
2022-07-26,Success,Unknown Speaker,LAS ARMAS DE NUESTRA MILICIA NO SON CARNALES 2 24 de julio de 2022,https://www.youtube.com/watch?v=9WygRzLZG6I,2026-01-18,Unknown,Full Sermon,,0.0,Tabernaculo La Voz Del Septimo,2026-01-18,available,
2022-07-26,Success,Unknown Speaker,LAS ARMAS DE NUESTRA MILICIA NO SON CARNALES  #1.      24 de julio de 2022,https://www.youtube.com/watch?v=BlmhqDO6MBc,2026-01-18,Unknown,Full Sermon,,0.0,Tabernaculo La Voz Del Septimo,2026-01-18,available,
2022-07-18,Success,Unknown Speaker,¿QUIEN SOY Y DE DONDE VENGO #4.         17 de Julio de 2022,https://www.youtube.com/watch?v=GXHWpSvhzWY,2026-01-18,Unknown,Full Sermon,,0.0,Tabernaculo La Voz Del Septimo,2026-01-18,available,
2022-07-18,Success,QUIEN SOY Y,QUIEN SOY Y DE DONDE VENGO 3 17 de julio de 2022,https://www.youtube.com/watch?v=9WjppT3qiLU,2026-01-18,Unknown,Full Sermon,,0.0,Tabernaculo La Voz Del Septimo,2026-01-18,available,
2022-07-13,Success,QUIEN SOY Y,QUIEN SOY Y DE DONDE VENGO 2. 10 de julio de 2022,https://www.youtube.com/watch?v=RvnoE6OsGLQ,2026-01-18,Unknown,Full Sermon,,0.0,Tabernaculo La Voz Del Septimo,2026-01-18,available,
2022-07-13,No Transcript,QUIEN SOY Y,¿QUIEN SOY Y DE DONDE VENGO?    10 de julio de 2022,https://www.youtube.com/watch?v=1VoIxFKumso,2026-01-12,Unknown,Church Service,,148.0,Tabernaculo La Voz Del Septimo,2026-01-12,available,
2022-07-05,No Transcript,Unknown Speaker,PREGUTAS Y RESPUESTAS    03 de julio de 2022,https://www.youtube.com/watch?v=eZ3sGPw-bsE,2026-01-12,Unknown,Church Service,,140.0,Tabernaculo La Voz Del Septimo,2026-01-12,available,
2022-07-04,Success,Unknown Speaker,NATURALEZA DIVINA. 03 de julio de 2022,https://www.youtube.com/watch?v=FyGAxb53aaw,2026-01-18,Unknown,Full Sermon,,0.0,Tabernaculo La Voz Del Septimo,2026-01-18,available,
2022-06-27,Success,Unknown Speaker,HUMILDAD 4. 26 de junio de 2022,https://www.youtube.com/watch?v=Iq8T45tytDw,2026-01-18,Unknown,Full Sermon,,0.0,Tabernaculo La Voz Del Septimo,2026-01-18,available,
2022-06-27,Success,Unknown Speaker,HUMILDAD #3    26 de junio de 2022,https://www.youtube.com/watch?v=nYrRw348Siw,2026-01-18,Unknown,Full Sermon,,0.0,Tabernaculo La Voz Del Septimo,2026-01-18,available,
2022-06-21,Success,Unknown Speaker,HUMILDAD 2 19 de junio de 2022,https://www.youtube.com/watch?v=8LmVKy1AWGk,2026-01-18,Unknown,Full Sermon,,0.0,Tabernaculo La Voz Del Septimo,2026-01-18,available,
2022-06-20,Success,Unknown Speaker,HUMILDAD   19 de junio de 2022,https://www.youtube.com/watch?v=m5CCaRprtKg,2026-01-18,Unknown,Full Sermon,,0.0,Tabernaculo La Voz Del Septimo,2026-01-18,available,
2022-06-14,No Transcript,Unknown Speaker,14 de junio de 2022,https://www.youtube.com/watch?v=8zQjg1G1XVY,2026-01-12,Unknown,Church Service,,110.0,Tabernaculo La Voz Del Septimo,2026-01-12,available,
2022-06-14,Success,Unknown Speaker,LOS DONES 4. 12 de junio de 2022,https://www.youtube.com/watch?v=D-mIGLEc9OE,2026-01-18,Unknown,Full Sermon,,0.0,Tabernaculo La Voz Del Septimo,2026-01-18,available,
2022-06-06,Success,Unknown Speaker,los Dones 3,https://www.youtube.com/watch?v=k7PxS3ic6ew,2026-01-18,Unknown,Full Sermon,,0.0,Tabernaculo La Voz Del Septimo,2026-01-18,available,
2022-06-05,Success,Unknown Speaker,LOS DONES 2 5 de junio de 2022,https://www.youtube.com/watch?v=hoYOPfkgCZE,2026-01-18,Unknown,Full Sermon,,0.0,Tabernaculo La Voz Del Septimo,2026-01-18,available,
2022-05-29,Success,Unknown Speaker,LOS DONES 29 de mayo de 2022,https://www.youtube.com/watch?v=MiqGWDTjhJo,2026-01-12,Unknown,Short Clip,,53.0,Tabernaculo La Voz Del Septimo,2026-01-12,available,
2022-05-23,Success,SANTANA Y,EL MATRMONIO NO ES LIMPIO SI NO ESTA PRESENTE EL ESPÍRITU SANTO,https://www.youtube.com/watch?v=VakqJObXIf0,2026-01-18,Unknown,Full Sermon,,0.0,Tabernaculo La Voz Del Septimo,2026-01-18,available,
2022-05-08,Success,Unknown Speaker,CONSIDERANDO TUS CAMINOS 2  8 de mayo de 2022,https://www.youtube.com/watch?v=QiPKrmOPJYI,2026-01-18,Unknown,Full Sermon,,0.0,Tabernaculo La Voz Del Septimo,2026-01-18,available,
2022-05-01,Success,Unknown Speaker,CONSIDERANDO TUS CAMINOS1 de mayo de 2022,https://www.youtube.com/watch?v=56Vxo3Yf6K4,2026-01-12,Unknown,Short Clip,,51.0,Tabernaculo La Voz Del Septimo,2026-01-12,available,
2022-04-25,Success,LOURDES C,ES PUES LA FE 6 (Renovacion votos matrimoniales Hno. Mario C. y Hna. Lourdes C.),https://www.youtube.com/watch?v=MWzQQ19XFZs,2026-01-18,Unknown,Full Sermon,,0.0,Tabernaculo La Voz Del Septimo,2026-01-18,available,
2022-04-17,Success,Unknown Speaker,ES PUES LA FE #5,https://www.youtube.com/watch?v=CkxougJNfIQ,2026-01-18,Unknown,Full Sermon,,0.0,Tabernaculo La Voz Del Septimo,2026-01-18,available,
2022-04-10,Success,Unknown Speaker,RESPETOS 10 042022,https://www.youtube.com/watch?v=0bv8ExQ06gE,2026-01-12,Unknown,Short Clip,,47.0,Tabernaculo La Voz Del Septimo,2026-01-12,available,
2022-04-04,Success,Unknown Speaker,ES PUES LA FE # 4,https://www.youtube.com/watch?v=TdRQYZuoEv8,2026-01-18,Unknown,Full Sermon,,0.0,Tabernaculo La Voz Del Septimo,2026-01-18,available,
2022-03-31,No Transcript,Unknown Speaker,HNAS. DAMARIS GETSEMANÍ Y DULCE RUTH,https://www.youtube.com/watch?v=4QgM6yoBK8c,2026-01-12,Unknown,Short Clip,,6.0,Tabernaculo La Voz Del Septimo,2026-01-12,available,
2022-03-31,Success,SANTANA,HNO. SANTANA,https://www.youtube.com/watch?v=t5N_iag-W20,2026-01-12,Spanish,Short Clip,,4.0,Tabernaculo La Voz Del Septimo,2026-01-12,available,
2022-03-31,No Transcript,JOVENES,"JOVENES DE DIFERENTES TABERNÁCULOS ECATEPEC, ACAPULCO Y XILITLA.",https://www.youtube.com/watch?v=fpWW-EI86jM,2026-01-12,Unknown,Short Clip,,6.0,Tabernaculo La Voz Del Septimo,2026-01-12,available,
2022-03-29,No Transcript,HNOS. TABERNÁCULO,HNOS. TABERNÁCULO MINISTERIO TOTAL REDENCIÓN.,https://www.youtube.com/watch?v=clNUyLkJn1c,2026-01-12,Unknown,Short Clip,,5.0,Tabernaculo La Voz Del Septimo,2026-01-12,available,
2022-03-29,No Transcript,LOURDES C,HNA. LOURDES C.,https://www.youtube.com/watch?v=61aVqRJNCg8,2026-01-12,Unknown,Short Clip,,3.0,Tabernaculo La Voz Del Septimo,2026-01-12,available,
2022-03-29,No Transcript,DANIEL,HNO. DANIEL O. M.,https://www.youtube.com/watch?v=ZXwQc4WSdaI,2026-01-12,Unknown,Short Clip,,4.0,Tabernaculo La Voz Del Septimo,2026-01-12,available,
2022-03-07,Success,Unknown Speaker,NO HAY NADA OCULTO PARTE 3 DOM.  6 DE MARZO.,https://www.youtube.com/watch?v=f5Kvvokmles,2026-01-18,Unknown,Full Sermon,,0.0,Tabernaculo La Voz Del Septimo,2026-01-18,available,
2022-02-25,Success,Unknown Speaker,NO HAY NADA OCULTO DOM. 20 FEB. 2022,https://www.youtube.com/watch?v=dxwK0KHE-hg,2026-01-12,Unknown,Church Service,,65.0,Tabernaculo La Voz Del Septimo,2026-01-12,available,
2022-02-17,Success,Unknown Speaker,DOMINGO 13 DE FEBRERO MAÑANA 2022,https://www.youtube.com/watch?v=cWFSikCsI-8,2026-01-18,Unknown,Full Sermon,,0.0,Tabernaculo La Voz Del Septimo,2026-01-18,available,
2022-02-13,Success,Unknown Speaker,DOMINGO 13 FEBRERO 2022 TARDE 2022,https://www.youtube.com/watch?v=KjsJoRoJcCs,2026-01-12,Unknown,Church Service,,68.0,Tabernaculo La Voz Del Septimo,2026-01-12,available,
2022-02-07,Success,Unknown Speaker,EN COMPAÑERISMO CON DIOS PARTE 3 Domingo. 21 DIC 21,https://www.youtube.com/watch?v=lqkWZ8gvTFE,2026-01-18,Unknown,Full Sermon,,0.0,Tabernaculo La Voz Del Septimo,2026-01-18,available,
2022-02-07,Success,Unknown Speaker,EN COMPAÑERISMO CON DIOS PARTE 2 Domingo.20 DIC 2021,https://www.youtube.com/watch?v=WJufNeflp14,2026-01-18,Unknown,Full Sermon,,0.0,Tabernaculo La Voz Del Septimo,2026-01-18,available,
2022-02-07,Success,Unknown Speaker,EN COMPANERISMO CON DIOS PARTE 1 Domingo. 19 DIC 2021,https://www.youtube.com/watch?v=pT3IZBCUORk,2026-01-18,Unknown,Full Sermon,,0.0,Tabernaculo La Voz Del Septimo,2026-01-18,available,
2022-02-07,Success,Unknown Speaker,TRES CLASES DE CREYENTES. DOM 06 FEB 22,https://www.youtube.com/watch?v=H6U8PS22lpk,2026-01-12,Unknown,Short Clip,,57.0,Tabernaculo La Voz Del Septimo,2026-01-12,available,
2015-05-19,No Transcript,"El Se, Voz De","HNA  ROCIO Y  HNAS  DEL ""TABERNACULO LA VOZ DEL SEPTIMO ANGEL""",https://www.youtube.com/watch?v=ID4wi7LktYo,2026-01-12,Unknown,Short Clip,,4.0,Tabernaculo La Voz Del Septimo,2026-01-12,available,
2015-05-15,No Transcript,"El Se, Voz De","OH CUAN GLORIOSO AMOR  HNAS   DEL  ""TABERNACULO LA VOZ DEL SEPTIMO ANGEL""",https://www.youtube.com/watch?v=R0KSEGVrQCg,2026-01-12,Unknown,Short Clip,,3.0,Tabernaculo La Voz Del Septimo,2026-01-12,available,
2015-05-12,Success,"El Se, JOVENES, Voz De",JOVENES DEL TABERNACULO LA VOZ DEL SEPTIMO ANGEL Y EL TABERNACULO MISTERIO DE LA PIEDAD,https://www.youtube.com/watch?v=UiO3sqQwFR8,2026-01-12,Unknown,Short Clip,,1.0,Tabernaculo La Voz Del Septimo,2026-01-12,available,
2015-05-03,Success,DANIEL,PRED HNO DANIEL OLIVARES EL ORDEN DE LA IGLESIA 4 EN TABERNACULO LA VOZ DEL SEPTIMO ANGEL,https://www.youtube.com/watch?v=BiyefFk6lCM,2026-01-12,Unknown,Short Clip,,36.0,Tabernaculo La Voz Del Septimo,2026-01-12,available,
2015-05-02,Success,DANIEL,PRED HNO DANIEL OLIVARES EL ORDEN DE LA IGLESIA 3 EN TABERNACULO LA VOZ DEL SEPTIMO ANGEL,https://www.youtube.com/watch?v=LGRa1-yWqvg,2026-01-12,Unknown,Short Clip,,46.0,Tabernaculo La Voz Del Septimo,2026-01-12,available,
2015-05-01,Success,DANIEL,PRED HNO DANIEL OLIVARES EL ORDEN DE LA IGLESIA 2 EN TABERNACULO LA VOZ DEL SEPTIMO ANGEL,https://www.youtube.com/watch?v=zKEjEMOVfkc,2026-01-12,Unknown,Short Clip,,57.0,Tabernaculo La Voz Del Septimo,2026-01-12,available,
2015-05-01,Success,DANIEL,PRED HNO DANIEL OLIVARES EL ORDEN DE LA IGLESIA 1 EN TABERNACULO LA VOZ DEL SEPTIMO ANGEL,https://www.youtube.com/watch?v=B2uW40wI6xQ,2026-01-12,Unknown,Short Clip,,35.0,Tabernaculo La Voz Del Septimo,2026-01-12,available,
