date,status,speaker,title,url,last_checked,language,type,description,duration,church
2026-01-04,Success,Unknown Speaker,The Word Of God Tabernacle,https://www.youtube.com/watch?v=3aSH2LgvFqI,2026-01-07,Unknown,Church Service,,,The Word of God Tabernacle
2025-12-07,Success,Unknown Speaker,The Word Of God Tabernacle,https://www.youtube.com/watch?v=jQRzAKycevs,2026-01-07,Unknown,Church Service,,,The Word of God Tabernacle
2025-11-30,Success,Unknown Speaker,The Word Of God Tabernacle,https://www.youtube.com/watch?v=ySy92DKyEIE,2026-01-07,Unknown,Church Service,,,The Word of God Tabernacle
2025-11-16,Success,Unknown Speaker,The Word Of God Tabernacle,https://www.youtube.com/watch?v=E8Bi83ZSjQE,2026-01-07,Unknown,Church Service,,,The Word of God Tabernacle
2025-11-09,Success,Unknown Speaker,The Word Of God Tabernacle,https://www.youtube.com/watch?v=jvvt6GxujGQ,2026-01-07,Unknown,Church Service,,,The Word of God Tabernacle
2025-11-02,Success,Unknown Speaker,The Word Of God Tabernacle,https://www.youtube.com/watch?v=qEv6p8O1Ssg,2026-01-07,Unknown,Church Service,,,The Word of God Tabernacle
2025-10-26,Success,Unknown Speaker,The Word Of God Tabernacle,https://www.youtube.com/watch?v=e-b4xnwu50I,2026-01-07,Unknown,Church Service,,,The Word of God Tabernacle
2025-10-12,No Transcript,Unknown Speaker,The Word Of God Tabernacle - 10/12/2025,https://www.youtube.com/watch?v=bMjpyPfDrOs,2026-01-04,Unknown,Church Service,The Word Of God Tabernacle - 10/12/2025,116,The Word of God Tabernacle
2025-10-05,Success,Unknown Speaker,The Word Of God Tabernacle,https://www.youtube.com/watch?v=ZgClUAwlxQs,2026-01-07,Unknown,Church Service,,,The Word of God Tabernacle
2025-09-29,Success,Unknown Speaker,The Word Of God Tabernacle,https://www.youtube.com/watch?v=j9ux1sWU6SI,2026-01-07,Unknown,Church Service,,,The Word of God Tabernacle
2025-09-22,Success,Unknown Speaker,The Word Of God Tabernacle,https://www.youtube.com/watch?v=TXfZw_yQ4BE,2026-01-07,Unknown,Church Service,,,The Word of God Tabernacle
2025-09-15,Success,Unknown Speaker,The Word Of God Tabernacle,https://www.youtube.com/watch?v=Hv3CE_hb7rM,2026-01-07,Unknown,Church Service,,,The Word of God Tabernacle
2025-09-08,Success,Unknown Speaker,The Word Of God Tabernacle,https://www.youtube.com/watch?v=1VsB2uoQr70,2026-01-07,Unknown,Church Service,,,The Word of God Tabernacle
2025-08-11,Success,Unknown Speaker,The Word Of God Tabernacle,https://www.youtube.com/watch?v=_HON7a4rY8A,2026-01-07,Unknown,Church Service,,,The Word of God Tabernacle
2025-08-04,Success,Unknown Speaker,The Word Of God Tabernacle,https://www.youtube.com/watch?v=fyF2UWGl7VI,2026-01-07,Unknown,Church Service,,,The Word of God Tabernacle
2025-07-28,Success,Unknown Speaker,The Word Of God Tabernacle,https://www.youtube.com/watch?v=5vQmteq9Ucs,2026-01-07,Unknown,Church Service,,,The Word of God Tabernacle
2025-07-21,Success,Unknown Speaker,The Word Of God Tabernacle,https://www.youtube.com/watch?v=nNuqZb0T7ZI,2026-01-07,Unknown,Church Service,,,The Word of God Tabernacle
2025-07-14,Success,Unknown Speaker,The Word Of God Tabernacle,https://www.youtube.com/watch?v=VBwtJYG7Qkg,2026-01-07,Unknown,Church Service,,,The Word of God Tabernacle
2025-06-30,Success,Unknown Speaker,The Word Of God Tabernacle,https://www.youtube.com/watch?v=5sNyELVndaI,2026-01-07,Unknown,Church Service,,,The Word of God Tabernacle
2025-06-22,Success,Unknown Speaker,The Word Of God Tabernacle,https://www.youtube.com/watch?v=vL0S8538ny0,2026-01-07,Unknown,Church Service,,,The Word of God Tabernacle
2025-06-16,Success,Unknown Speaker,The Word Of God Tabernacle,https://www.youtube.com/watch?v=23VV-Q2biNk,2026-01-07,Unknown,Church Service,,,The Word of God Tabernacle
2025-06-09,Success,Unknown Speaker,The Word Of God Tabernacle,https://www.youtube.com/watch?v=0oJe0x2mLmk,2026-01-07,Unknown,Church Service,,,The Word of God Tabernacle
2025-05-19,Success,Unknown Speaker,The Word Of God Tabernacle,https://www.youtube.com/watch?v=D7PD8MxCTHk,2026-01-07,Unknown,Church Service,,,The Word of God Tabernacle
2025-05-05,Success,Unknown Speaker,The Word Of God Tabernacle,https://www.youtube.com/watch?v=RgfmWPs70JM,2026-01-07,Unknown,Church Service,,,The Word of God Tabernacle
2025-04-28,Success,Unknown Speaker,The Word Of God Tabernacle,https://www.youtube.com/watch?v=6kXywOc7LSM,2026-01-07,Unknown,Church Service,,,The Word of God Tabernacle
2025-04-21,Success,Unknown Speaker,The Word Of God Tabernacle,https://www.youtube.com/watch?v=yPKNmJg7Xpg,2026-01-07,Unknown,Church Service,,,The Word of God Tabernacle
2025-04-14,No Transcript,Unknown Speaker,The Word Of God Tabernacle - Sunday Morning - 4/13/2025,https://www.youtube.com/watch?v=MuGIyoYXLvA,2026-01-04,Unknown,Church Service,The Word Of God Tabernacle - Sunday Morning - 4/13/2025,125,The Word of God Tabernacle
2025-04-07,Success,Unknown Speaker,The Word Of God Tabernacle,https://www.youtube.com/watch?v=5MPiBS04DtY,2026-01-07,Unknown,Church Service,,,The Word of God Tabernacle
2025-03-31,Success,Unknown Speaker,The Word Of God Tabernacle,https://www.youtube.com/watch?v=XTcbaky3qfc,2026-01-07,Unknown,Church Service,,,The Word of God Tabernacle
2025-03-24,Success,Unknown Speaker,The Word Of God Tabernacle,https://www.youtube.com/watch?v=FmVylc84FQQ,2026-01-07,Unknown,Church Service,,,The Word of God Tabernacle
2025-03-23,No Transcript,Unknown Speaker,The Word Of God Tabernacle - Sunday Morning - 3/16/2025,https://www.youtube.com/watch?v=yg_38RIzD0o,2026-01-04,Unknown,Church Service,The Word Of God Tabernacle - Sunday Morning - 3/16/2025,11,The Word of God Tabernacle
2025-03-17,Success,Unknown Speaker,The Word Of God Tabernacle,https://www.youtube.com/watch?v=hKDdrP8M4bA,2026-01-07,Unknown,Church Service,,,The Word of God Tabernacle
2025-03-10,Success,Unknown Speaker,The Word Of God Tabernacle,https://www.youtube.com/watch?v=y7CUqMhg1q0,2026-01-07,Unknown,Church Service,,,The Word of God Tabernacle
2025-02-23,Success,Unknown Speaker,The Word Of God Tabernacle,https://www.youtube.com/watch?v=J5ez2-8eTSs,2026-01-07,Unknown,Church Service,,,The Word of God Tabernacle
2025-02-16,No Transcript,Unknown Speaker,The Word Of God Tabernacle - Sunday Morning - 2/16/2025,https://www.youtube.com/watch?v=rlcmcu3NVFc,2026-01-04,Unknown,Church Service,The Word Of God Tabernacle - Sunday Morning - 2/16/2025,114,The Word of God Tabernacle
2025-02-09,No Transcript,Unknown Speaker,The Word Of God Tabernacle - Sunday Morning - 2/9/2025,https://www.youtube.com/watch?v=0Nw48AFC1s8,2026-01-04,Unknown,Church Service,The Word Of God Tabernacle - Sunday Morning - 2/9/2025,122,The Word of God Tabernacle
2025-02-02,Success,Unknown Speaker,The Word Of God Tabernacle,https://www.youtube.com/watch?v=O0GQwD6A_1o,2026-01-07,Unknown,Church Service,,,The Word of God Tabernacle
2025-01-26,Success,Unknown Speaker,The Word Of God Tabernacle,https://www.youtube.com/watch?v=rpgN39bSS84,2026-01-07,Unknown,Church Service,,,The Word of God Tabernacle
2025-01-19,Success,Unknown Speaker,The Word Of God Tabernacle,https://www.youtube.com/watch?v=1yAiSgXSm_8,2026-01-07,Unknown,Church Service,,,The Word of God Tabernacle
2025-01-12,Success,Unknown Speaker,The Word Of God Tabernacle,https://www.youtube.com/watch?v=Z7j6n1gOSJ0,2026-01-07,Unknown,Church Service,,,The Word of God Tabernacle
2025-01-05,No Transcript,Unknown Speaker,The Word Of God Tabernacle - Sunday Morning - 1/5/2025,https://www.youtube.com/watch?v=TtMjBEGPuz4,2026-01-04,Unknown,Church Service,The Word Of God Tabernacle - Sunday Morning - 1/5/2025,113,The Word of God Tabernacle
2024-12-29,Success,Unknown Speaker,The Word Of God Tabernacle,https://www.youtube.com/watch?v=WdJOhSv5eQs,2026-01-07,Unknown,Church Service,,,The Word of God Tabernacle
2024-12-08,Success,Unknown Speaker,The Word Of God Tabernacle,https://www.youtube.com/watch?v=PXnay2qNu54,2026-01-07,Unknown,Church Service,,,The Word of God Tabernacle
2024-12-01,Success,Unknown Speaker,The Word Of God Tabernacle,https://www.youtube.com/watch?v=uoi1QuoE3I0,2026-01-07,Unknown,Church Service,,,The Word of God Tabernacle
2024-11-24,Success,Unknown Speaker,The Word Of God Tabernacle,https://www.youtube.com/watch?v=CVNpogyw1I8,2026-01-07,Unknown,Church Service,,,The Word of God Tabernacle
2024-11-17,Success,Unknown Speaker,The Word Of God Tabernacle,https://www.youtube.com/watch?v=0M_oZOoux0c,2026-01-07,Unknown,Church Service,,,The Word of God Tabernacle
2024-11-10,Success,Unknown Speaker,The Word Of God Tabernacle,https://www.youtube.com/watch?v=OIt1fbK1gnM,2026-01-07,Unknown,Church Service,,,The Word of God Tabernacle
2024-11-03,Success,Unknown Speaker,The Word Of God Tabernacle,https://www.youtube.com/watch?v=TV3NJb-5jgk,2026-01-07,Unknown,Church Service,,,The Word of God Tabernacle
2024-10-27,Success,Unknown Speaker,The Word Of God Tabernacle,https://www.youtube.com/watch?v=WTFVsw8ZfkI,2026-01-07,Unknown,Church Service,,,The Word of God Tabernacle
2024-10-20,Success,Unknown Speaker,The Word Of God Tabernacle,https://www.youtube.com/watch?v=n6dzABDICdA,2026-01-07,Unknown,Church Service,,,The Word of God Tabernacle
2024-10-13,Success,Unknown Speaker,The Word Of God Tabernacle,https://www.youtube.com/watch?v=X3Uh6F10nKM,2026-01-07,Unknown,Church Service,,,The Word of God Tabernacle
2024-09-29,Success,Unknown Speaker,The Word Of God Tabernacle,https://www.youtube.com/watch?v=DMSz4pVXT1k,2026-01-07,Unknown,Church Service,,,The Word of God Tabernacle
2024-09-15,Success,Unknown Speaker,The Word Of God Tabernacle,https://www.youtube.com/watch?v=MlVL9jFcGXs,2026-01-07,Unknown,Church Service,,,The Word of God Tabernacle
2024-09-01,Success,Unknown Speaker,The Word Of God Tabernacle,https://www.youtube.com/watch?v=htXv0G37fSE,2026-01-07,Unknown,Church Service,,,The Word of God Tabernacle
2024-08-25,Success,Unknown Speaker,The Word Of God Tabernacle,https://www.youtube.com/watch?v=xa7PVJVpODc,2026-01-07,Unknown,Church Service,,,The Word of God Tabernacle
2024-08-18,Success,Unknown Speaker,The Word Of God Tabernacle,https://www.youtube.com/watch?v=SOdsJRogavA,2026-01-07,Unknown,Church Service,,,The Word of God Tabernacle
2024-08-18,No Transcript,Unknown Speaker,The Word Of God Tabernacle - Sunday Morning - 08/18/2024,https://www.youtube.com/watch?v=4V99yPCJSTM,2026-01-04,Unknown,Church Service,The Word Of God Tabernacle - Sunday Morning - 08/18/2024,15,The Word of God Tabernacle
2024-08-11,Success,Unknown Speaker,The Word Of God Tabernacle,https://www.youtube.com/watch?v=AWZE4ralrow,2026-01-07,Unknown,Church Service,,,The Word of God Tabernacle
2024-08-03,No Transcript,Unknown Speaker,The Word Of God Tabernacle - Sunday Morning - 08/03/2024,https://www.youtube.com/watch?v=MnjthPHJKh4,2026-01-04,Unknown,Church Service,The Word Of God Tabernacle - Sunday Morning - 08/03/2024,120,The Word of God Tabernacle
2024-07-28,Success,Unknown Speaker,The Word Of God Tabernacle,https://www.youtube.com/watch?v=JRK76mCYXJ0,2026-01-07,Unknown,Church Service,,,The Word of God Tabernacle
2024-07-21,Success,Unknown Speaker,The Word Of God Tabernacle,https://www.youtube.com/watch?v=W57BlV4y8p4,2026-01-07,Unknown,Church Service,,,The Word of God Tabernacle
2024-07-07,Success,Unknown Speaker,The Word Of God Tabernacle,https://www.youtube.com/watch?v=w8yIqMcEGJE,2026-01-07,Unknown,Church Service,,,The Word of God Tabernacle
2024-06-30,No Transcript,Unknown Speaker,The Word Of God Tabernacle - Sunday Morning - 06/30/2024,https://www.youtube.com/watch?v=VRtNtJZM3ck,2026-01-04,Unknown,Church Service,The Word Of God Tabernacle - Sunday Morning - 06/30/2024,109,The Word of God Tabernacle
2024-06-23,Success,Unknown Speaker,The Word Of God Tabernacle,https://www.youtube.com/watch?v=JuQeTdaRtYM,2026-01-07,Unknown,Church Service,,,The Word of God Tabernacle
2024-06-16,Success,Unknown Speaker,The Word Of God Tabernacle,https://www.youtube.com/watch?v=ucFcqwT1KyM,2026-01-07,Unknown,Church Service,,,The Word of God Tabernacle
2024-06-09,Success,Unknown Speaker,The Word Of God Tabernacle,https://www.youtube.com/watch?v=CbFxmbJTHCQ,2026-01-07,Unknown,Church Service,,,The Word of God Tabernacle
2024-06-02,Success,Unknown Speaker,The Word Of God Tabernacle,https://www.youtube.com/watch?v=cFi0rZhdgvU,2026-01-07,Unknown,Church Service,,,The Word of God Tabernacle
2024-05-26,Success,Unknown Speaker,The Word Of God Tabernacle,https://www.youtube.com/watch?v=-rN1TawzL6c,2026-01-07,Unknown,Church Service,,,The Word of God Tabernacle
2024-05-19,Success,Unknown Speaker,The Word Of God Tabernacle,https://www.youtube.com/watch?v=2S2XIWeswTA,2026-01-07,Unknown,Church Service,,,The Word of God Tabernacle
2024-05-12,No Transcript,Unknown Speaker,The Word Of God Tabernacle - Sunday Morning - 05/12/2024,https://www.youtube.com/watch?v=nmy_IEO4hhg,2026-01-04,Unknown,Church Service,The Word Of God Tabernacle - Sunday Morning - 05/12/2024,85,The Word of God Tabernacle
2024-04-28,Success,Unknown Speaker,The Word Of God Tabernacle,https://www.youtube.com/watch?v=xU7-j7oDb2I,2026-01-07,Unknown,Church Service,,,The Word of God Tabernacle
2024-04-22,Success,Unknown Speaker,The Word Of God Tabernacle,https://www.youtube.com/watch?v=PJtvYOAtkpE,2026-01-07,Unknown,Church Service,,,The Word of God Tabernacle
2024-04-14,Success,Unknown Speaker,The Word Of God Tabernacle,https://www.youtube.com/watch?v=neangHMOep4,2026-01-07,Unknown,Church Service,,,The Word of God Tabernacle
2024-04-08,No Transcript,Unknown Speaker,The Word Of God Tabernacle - Sunday Morning - 4/7/2024,https://www.youtube.com/watch?v=i4uyvRhQ5nU,2026-01-04,Unknown,Church Service,The Word Of God Tabernacle - Sunday Morning - 4/7/2024,124,The Word of God Tabernacle
2024-04-01,Success,Unknown Speaker,The Word Of God Tabernacle,https://www.youtube.com/watch?v=h2AlLhQ1qoQ,2026-01-07,Unknown,Church Service,,,The Word of God Tabernacle
2024-03-25,Success,Unknown Speaker,The Word Of God Tabernacle,https://www.youtube.com/watch?v=gKyKOHTdXVY,2026-01-07,Unknown,Church Service,,,The Word of God Tabernacle
2024-03-18,No Transcript,Unknown Speaker,The Word Of God Tabernacle - Sunday Morning - 3/17/2024,https://www.youtube.com/watch?v=iNssUvmYmNw,2026-01-04,Unknown,Church Service,The Word Of God Tabernacle - Sunday Morning - 3/17/2024,112,The Word of God Tabernacle
2024-03-11,Success,Unknown Speaker,The Word Of God Tabernacle,https://www.youtube.com/watch?v=FArZQLOblKI,2026-01-07,Unknown,Church Service,,,The Word of God Tabernacle
2024-03-03,Success,Unknown Speaker,The Word Of God Tabernacle,https://www.youtube.com/watch?v=gB8amA7eqM0,2026-01-07,Unknown,Church Service,,,The Word of God Tabernacle
2024-02-25,Success,Unknown Speaker,The Word Of God Tabernacle,https://www.youtube.com/watch?v=ZRF8Env57e0,2026-01-07,Unknown,Church Service,,,The Word of God Tabernacle
2024-02-18,Success,Unknown Speaker,The Word Of God Tabernacle,https://www.youtube.com/watch?v=27sJVB_r6Uk,2026-01-07,Unknown,Church Service,,,The Word of God Tabernacle
2024-02-11,Success,Unknown Speaker,The Word Of God Tabernacle,https://www.youtube.com/watch?v=ixdEF2ks8g4,2026-01-07,Unknown,Church Service,,,The Word of God Tabernacle
2024-02-05,Success,Unknown Speaker,The Word Of God Tabernacle,https://www.youtube.com/watch?v=tYaV8Fyf8FE,2026-01-07,Unknown,Church Service,,,The Word of God Tabernacle
2024-01-29,Success,Unknown Speaker,The Word Of God Tabernacle,https://www.youtube.com/watch?v=qcBYzWuGIvU,2026-01-07,Unknown,Church Service,,,The Word of God Tabernacle
2024-01-21,Success,Unknown Speaker,The Word Of God Tabernacle,https://www.youtube.com/watch?v=ppyMm3JK9Io,2026-01-07,Unknown,Church Service,,,The Word of God Tabernacle
2023-12-31,Success,Unknown Speaker,The Word Of God Tabernacle,https://www.youtube.com/watch?v=7jd2ldAq3Mw,2026-01-07,Unknown,Church Service,,,The Word of God Tabernacle
2023-12-24,Success,Unknown Speaker,The Word Of God Tabernacle,https://www.youtube.com/watch?v=uR1F4sdUjX4,2026-01-07,Unknown,Church Service,,,The Word of God Tabernacle
2023-12-17,Success,Unknown Speaker,The Word Of God Tabernacle,https://www.youtube.com/watch?v=YhHMqNCmlu8,2026-01-07,Unknown,Church Service,,,The Word of God Tabernacle
2023-12-10,Success,Unknown Speaker,The Word Of God Tabernacle,https://www.youtube.com/watch?v=QjCVauUoM4U,2026-01-07,Unknown,Church Service,,,The Word of God Tabernacle
2023-11-19,Success,Unknown Speaker,The Word Of God Tabernacle,https://www.youtube.com/watch?v=5XLL3hKIQ0g,2026-01-07,Unknown,Church Service,,,The Word of God Tabernacle
2023-11-12,Success,Unknown Speaker,The Word Of God Tabernacle,https://www.youtube.com/watch?v=jVJcwK43yh0,2026-01-07,Unknown,Church Service,,,The Word of God Tabernacle
2023-11-05,No Transcript,Unknown Speaker,The Word Of God Tabernacle - Sunday Morning - 11/5/2023,https://www.youtube.com/watch?v=lIkQDZ5slNA,2026-01-04,Unknown,Church Service,The Word Of God Tabernacle - Sunday Morning - 11/5/2023,124,The Word of God Tabernacle
2023-10-29,Success,Unknown Speaker,The Word Of God Tabernacle,https://www.youtube.com/watch?v=pAipt4DIkB8,2026-01-07,Unknown,Church Service,,,The Word of God Tabernacle
2023-10-15,No Transcript,Unknown Speaker,The Word Of God Tabernacle - Sunday Morning - 10/15/2023,https://www.youtube.com/watch?v=wp1o4Zo6Zzg,2026-01-04,Unknown,Church Service,The Word Of God Tabernacle - Sunday Morning - 10/15/2023,111,The Word of God Tabernacle
2023-10-02,Success,Unknown Speaker,The Word Of God Tabernacle,https://www.youtube.com/watch?v=wNCDJ8DHl5o,2026-01-07,Unknown,Church Service,,,The Word of God Tabernacle
2023-09-25,Success,Unknown Speaker,The Word Of God Tabernacle,https://www.youtube.com/watch?v=L5xyaepZyPc,2026-01-07,Unknown,Church Service,,,The Word of God Tabernacle
2023-09-18,Success,Unknown Speaker,The Word Of God Tabernacle,https://www.youtube.com/watch?v=t_D5j-eYeSA,2026-01-07,Unknown,Church Service,,,The Word of God Tabernacle
2023-09-11,Success,Unknown Speaker,The Word Of God Tabernacle,https://www.youtube.com/watch?v=oDBSByGvJT0,2026-01-07,Unknown,Church Service,,,The Word of God Tabernacle
2023-09-03,Success,Unknown Speaker,The Word Of God Tabernacle,https://www.youtube.com/watch?v=f3t4EmeHf-s,2026-01-07,Unknown,Church Service,,,The Word of God Tabernacle
2023-08-28,Success,Unknown Speaker,The Word Of God Tabernacle,https://www.youtube.com/watch?v=i9CK5QInQes,2026-01-07,Unknown,Church Service,,,The Word of God Tabernacle
2023-08-14,Success,Unknown Speaker,The Word Of God Tabernacle,https://www.youtube.com/watch?v=MKo3JyJdxLE,2026-01-07,Unknown,Church Service,,,The Word of God Tabernacle
2023-07-31,Success,Unknown Speaker,The Word Of God Tabernacle,https://www.youtube.com/watch?v=r9xkSmgRye4,2026-01-07,Unknown,Church Service,,,The Word of God Tabernacle
2023-07-24,Success,Unknown Speaker,The Word Of God Tabernacle,https://www.youtube.com/watch?v=YNYIBiTHj_I,2026-01-07,Unknown,Church Service,,,The Word of God Tabernacle
2023-07-17,Success,Unknown Speaker,The Word Of God Tabernacle,https://www.youtube.com/watch?v=GqDOlm9533I,2026-01-07,Unknown,Church Service,,,The Word of God Tabernacle
2023-07-10,No Transcript,Unknown Speaker,The Word Of God Tabernacle - Sunday Morning - 7/9/2023,https://www.youtube.com/watch?v=fmqLkOeZ0QA,2026-01-04,Unknown,Church Service,The Word Of God Tabernacle - Sunday Morning - 7/9/2023,110,The Word of God Tabernacle
2023-07-03,Success,Unknown Speaker,The Word Of God Tabernacle,https://www.youtube.com/watch?v=kjaPpsCX73g,2026-01-07,Unknown,Church Service,,,The Word of God Tabernacle
2023-06-26,Success,Unknown Speaker,The Word Of God Tabernacle,https://www.youtube.com/watch?v=4pa4rfotRgA,2026-01-07,Unknown,Church Service,,,The Word of God Tabernacle
2023-06-19,Success,Unknown Speaker,The Word Of God Tabernacle,https://www.youtube.com/watch?v=M7NWn4oKAcU,2026-01-07,Unknown,Church Service,,,The Word of God Tabernacle
2023-06-11,Success,Unknown Speaker,The Word Of God Tabernacle,https://www.youtube.com/watch?v=wFXaGuCQ6q8,2026-01-07,Unknown,Church Service,,,The Word of God Tabernacle
2023-05-29,Success,Unknown Speaker,The Word Of God Tabernacle,https://www.youtube.com/watch?v=X43EuH8_ECA,2026-01-07,Unknown,Church Service,,,The Word of God Tabernacle
2023-05-22,Success,Unknown Speaker,The Word Of God Tabernacle,https://www.youtube.com/watch?v=3friD5JOGKY,2026-01-07,Unknown,Church Service,,,The Word of God Tabernacle
2023-05-14,Success,Unknown Speaker,The Word Of God Tabernacle,https://www.youtube.com/watch?v=zLqZqQuR3dg,2026-01-07,Unknown,Church Service,,,The Word of God Tabernacle
2023-05-08,Success,Unknown Speaker,The Word Of God Tabernacle,https://www.youtube.com/watch?v=LkNsdfWdhe0,2026-01-07,Unknown,Church Service,,,The Word of God Tabernacle
2023-04-30,No Transcript,Unknown Speaker,The Word Of God Tabernacle - Sunday Morning - 4/23/2023,https://www.youtube.com/watch?v=wHTkTOS81Yk,2026-01-04,Unknown,Short Clip,The Word Of God Tabernacle - Sunday Morning - 4/23/2023,0,The Word of God Tabernacle
2023-04-24,Success,Unknown Speaker,The Word Of God Tabernacle,https://www.youtube.com/watch?v=uQR8Te8tX3M,2026-01-07,Unknown,Church Service,,,The Word of God Tabernacle
2023-04-17,Success,Unknown Speaker,The Word Of God Tabernacle,https://www.youtube.com/watch?v=u92fziCxETY,2026-01-07,Unknown,Church Service,,,The Word of God Tabernacle
2023-04-10,Success,Unknown Speaker,The Word Of God Tabernacle,https://www.youtube.com/watch?v=4JVENzTPqyA,2026-01-07,Unknown,Church Service,,,The Word of God Tabernacle
2023-04-03,Success,Unknown Speaker,The Word Of God Tabernacle,https://www.youtube.com/watch?v=VfVvmyE4VqY,2026-01-07,Unknown,Church Service,,,The Word of God Tabernacle
2023-03-27,Success,Unknown Speaker,The Word Of God Tabernacle,https://www.youtube.com/watch?v=-ZnWqCjpb3k,2026-01-07,Unknown,Church Service,,,The Word of God Tabernacle
2023-03-20,Success,Unknown Speaker,The Word Of God Tabernacle,https://www.youtube.com/watch?v=odEZ3XgfaiE,2026-01-07,Unknown,Church Service,,,The Word of God Tabernacle
2023-03-05,Success,Unknown Speaker,The Word Of God Tabernacle,https://www.youtube.com/watch?v=yeSmiD7K9gQ,2026-01-07,Unknown,Church Service,,,The Word of God Tabernacle
2023-02-19,No Transcript,Unknown Speaker,The Word Of God Tabernacle - Sunday Morning - 2/19/2023 - A New Beginning - Part 20,https://www.youtube.com/watch?v=lqLXqpZCi8E,2026-01-04,Unknown,Church Service,The Word Of God Tabernacle - Sunday Morning - 2/19/2023 - A New Beginning - Part 20,114,The Word of God Tabernacle
2023-02-12,Success,Unknown Speaker,The Word Of God Tabernacle,https://www.youtube.com/watch?v=VKWdb4fObjQ,2026-01-07,Unknown,Church Service,,,The Word of God Tabernacle
2023-02-05,Success,Unknown Speaker,The Word Of God Tabernacle,https://www.youtube.com/watch?v=L4T69EPrhEY,2026-01-07,Unknown,Church Service,,,The Word of God Tabernacle
2023-01-29,Success,Unknown Speaker,The Word Of God Tabernacle - Sunday Morning - 1/22/2023 - A New Beginning - Part 17,https://www.youtube.com/watch?v=6HtZS5LXZ-c,2026-01-04,English,Church Service,The Word Of God Tabernacle - Sunday Morning - 1/22/2023 - A New Beginning - Part 17 - Part 2 (Ministry),66,The Word of God Tabernacle
2023-01-29,Success,Unknown Speaker,The Word Of God Tabernacle,https://www.youtube.com/watch?v=sVcSqHJOKps,2026-01-07,Unknown,Church Service,,,The Word of God Tabernacle
2023-01-22,Success,Unknown Speaker,The Word Of God Tabernacle,https://www.youtube.com/watch?v=DrxmiZWbUQo,2026-01-07,Unknown,Church Service,,,The Word of God Tabernacle
2023-01-15,No Transcript,Unknown Speaker,The Word Of God Tabernacle - Sunday Morning - 1/15/2023 - A New Beginning - Part 15,https://www.youtube.com/watch?v=ijeq_Bbmmf8,2026-01-04,Unknown,Church Service,The Word Of God Tabernacle - Sunday Morning - 1/15/2023 - A New Beginning - Part 15,115,The Word of God Tabernacle
2023-01-08,Success,Unknown Speaker,The Word Of God Tabernacle,https://www.youtube.com/watch?v=AcxQv6vjh80,2026-01-07,Unknown,Church Service,,,The Word of God Tabernacle
2023-01-01,Success,Unknown Speaker,The Word Of God Tabernacle,https://www.youtube.com/watch?v=sWboEDpX7HA,2026-01-07,Unknown,Church Service,,,The Word of God Tabernacle
2022-12-18,Success,Unknown Speaker,The Word Of God Tabernacle,https://www.youtube.com/watch?v=HxJNjg-XziY,2026-01-07,Unknown,Church Service,,,The Word of God Tabernacle
2022-12-11,No Transcript,Unknown Speaker,The Word Of God Tabernacle - Sunday Morning - 12/11/2022 - A New Beginning - Part 12,https://www.youtube.com/watch?v=fSVscKBDiCQ,2026-01-04,Unknown,Church Service,The Word Of God Tabernacle - Sunday Morning - 12/11/2022 - A New Beginning - Part 12,104,The Word of God Tabernacle
2022-11-27,No Transcript,Unknown Speaker,The Word Of God Tabernacle - Sunday Morning - 11/27/2022 - A New Beginning - Part 11,https://www.youtube.com/watch?v=mhYlxwijir0,2026-01-04,Unknown,Church Service,The Word Of God Tabernacle - Sunday Morning - 11/27/2022 - A New Beginning - Part 11,108,The Word of God Tabernacle
2022-11-20,Success,Unknown Speaker,The Word Of God Tabernacle,https://www.youtube.com/watch?v=XXFq7kgNP5s,2026-01-07,Unknown,Church Service,,,The Word of God Tabernacle
2022-11-13,Success,Unknown Speaker,The Word Of God Tabernacle,https://www.youtube.com/watch?v=QG9FB0f9-pQ,2026-01-07,Unknown,Church Service,,,The Word of God Tabernacle
2022-10-30,Success,Unknown Speaker,The Word Of God Tabernacle,https://www.youtube.com/watch?v=YndQVaNg4c8,2026-01-07,Unknown,Church Service,,,The Word of God Tabernacle
2022-10-23,Success,Unknown Speaker,The Word Of God Tabernacle,https://www.youtube.com/watch?v=FLZhITrGxxs,2026-01-07,Unknown,Church Service,,,The Word of God Tabernacle
2022-10-16,Success,Unknown Speaker,The Word Of God Tabernacle,https://www.youtube.com/watch?v=7XDAEg-da2A,2026-01-07,Unknown,Church Service,,,The Word of God Tabernacle
2022-10-10,Success,Unknown Speaker,The Word Of God Tabernacle,https://www.youtube.com/watch?v=FqkBoYod-gU,2026-01-07,Unknown,Church Service,,,The Word of God Tabernacle
2022-10-03,Success,Unknown Speaker,The Word Of God Tabernacle,https://www.youtube.com/watch?v=shGiOUn4ggU,2026-01-07,Unknown,Church Service,,,The Word of God Tabernacle
2022-09-19,Success,Unknown Speaker,The Word Of God Tabernacle,https://www.youtube.com/watch?v=0LoyCffPJUI,2026-01-07,Unknown,Church Service,,,The Word of God Tabernacle
2022-09-12,Success,Unknown Speaker,The Word Of God Tabernacle,https://www.youtube.com/watch?v=Nur_WZPjT1c,2026-01-07,Unknown,Church Service,,,The Word of God Tabernacle
2022-09-05,Success,Unknown Speaker,The Word Of God Tabernacle,https://www.youtube.com/watch?v=DvO8CwY9xfQ,2026-01-07,Unknown,Church Service,,,The Word of God Tabernacle
2022-08-29,Success,Unknown Speaker,The Word Of God Tabernacle,https://www.youtube.com/watch?v=DQmcw3Mr8cs,2026-01-07,Unknown,Church Service,,,The Word of God Tabernacle
2022-08-22,Success,Unknown Speaker,The Word Of God Tabernacle,https://www.youtube.com/watch?v=BmQ0UFm1Uqs,2026-01-07,Unknown,Church Service,,,The Word of God Tabernacle
2022-08-15,Success,Unknown Speaker,The Word Of God Tabernacle,https://www.youtube.com/watch?v=snA26iJC0lY,2026-01-07,Unknown,Church Service,,,The Word of God Tabernacle
2022-08-08,Success,Unknown Speaker,The Word Of God Tabernacle,https://www.youtube.com/watch?v=TV0J7z1Ae1s,2026-01-07,Unknown,Church Service,,,The Word of God Tabernacle
2022-08-07,No Transcript,Unknown Speaker,The Word Of God Tabernacle - Sunday Morning - 8/07/2022,https://www.youtube.com/watch?v=rpRR5OX8Ans,2026-01-04,Unknown,Church Service,The Word Of God Tabernacle - Sunday Morning - 8/7/2022,6,The Word of God Tabernacle
2022-08-01,Success,Unknown Speaker,The Word Of God Tabernacle,https://www.youtube.com/watch?v=ZMVxmvc2bAk,2026-01-07,Unknown,Church Service,,,The Word of God Tabernacle
2022-07-25,Success,Unknown Speaker,The Word Of God Tabernacle,https://www.youtube.com/watch?v=hxRDaoUCQJs,2026-01-07,Unknown,Church Service,,,The Word of God Tabernacle
2022-07-18,Success,Unknown Speaker,The Word Of God Tabernacle,https://www.youtube.com/watch?v=s477UDmxBX8,2026-01-07,Unknown,Church Service,,,The Word of God Tabernacle
2022-07-11,Success,Unknown Speaker,The Word Of God Tabernacle,https://www.youtube.com/watch?v=0ldUEFs7h44,2026-01-07,Unknown,Church Service,,,The Word of God Tabernacle
2022-07-04,Success,Unknown Speaker,The Word Of God Tabernacle,https://www.youtube.com/watch?v=GdoruVoUCfE,2026-01-07,Unknown,Church Service,,,The Word of God Tabernacle
2022-07-03,Success,Unknown Speaker,The Word Of God Tabernacle,https://www.youtube.com/watch?v=3X1kijn-g4Q,2026-01-07,Unknown,Church Service,,,The Word of God Tabernacle
2022-06-27,Success,Unknown Speaker,The Word Of God Tabernacle,https://www.youtube.com/watch?v=Ps0YcBrfldA,2026-01-07,Unknown,Church Service,,,The Word of God Tabernacle
2022-06-20,Success,Unknown Speaker,The Word Of God Tabernacle,https://www.youtube.com/watch?v=VlwzKPFfOxU,2026-01-07,Unknown,Church Service,,,The Word of God Tabernacle
2022-06-13,Success,Unknown Speaker,The Word Of God Tabernacle,https://www.youtube.com/watch?v=Kz36VaI9F48,2026-01-07,Unknown,Church Service,,,The Word of God Tabernacle
2022-06-06,Success,Unknown Speaker,The Word Of God Tabernacle,https://www.youtube.com/watch?v=OBkXn5ZAzLM,2026-01-07,Unknown,Church Service,,,The Word of God Tabernacle
2022-05-23,Success,Unknown Speaker,The Word Of God Tabernacle,https://www.youtube.com/watch?v=612Ngz5oDRs,2026-01-07,Unknown,Church Service,,,The Word of God Tabernacle
2022-05-16,Success,Unknown Speaker,The Word Of God Tabernacle,https://www.youtube.com/watch?v=JBpS3ICG_SE,2026-01-07,Unknown,Church Service,,,The Word of God Tabernacle
2022-05-09,Success,Unknown Speaker,The Word Of God Tabernacle,https://www.youtube.com/watch?v=YqiaF0aynEQ,2026-01-07,Unknown,Church Service,,,The Word of God Tabernacle
2022-05-02,Success,Unknown Speaker,The Word Of God Tabernacle,https://www.youtube.com/watch?v=RttHCICs3pM,2026-01-07,Unknown,Church Service,,,The Word of God Tabernacle
2022-04-25,Success,Unknown Speaker,The Word Of God Tabernacle,https://www.youtube.com/watch?v=4-FtZEzfGwI,2026-01-07,Unknown,Church Service,,,The Word of God Tabernacle
2022-04-18,Success,Unknown Speaker,The Word Of God Tabernacle,https://www.youtube.com/watch?v=DGLFvRhIJiw,2026-01-07,Unknown,Church Service,,,The Word of God Tabernacle
2022-04-11,No Transcript,Unknown Speaker,The Word Of God Tabernacle - Sunday Morning - 4/10/2022 - Give,https://www.youtube.com/watch?v=KI8QloFcvTI,2026-01-04,Unknown,Church Service,The Word Of God Tabernacle - Sunday Morning - 4/10/2022 - Give,114,The Word of God Tabernacle
2022-04-04,Success,Unknown Speaker,The Word Of God Tabernacle,https://www.youtube.com/watch?v=cd4h6HCJdAk,2026-01-07,Unknown,Church Service,,,The Word of God Tabernacle
2022-03-28,No Transcript,Unknown Speaker,The Word Of God Tabernacle - Sunday Morning - 3/27/2022 - Why We Are Not A Denomination,https://www.youtube.com/watch?v=pwW7KyWR-YY,2026-01-04,Unknown,Church Service,The Word Of God Tabernacle - Sunday Morning - 3/27/2022 - We We Are Not A Denomination,134,The Word of God Tabernacle
2022-03-21,Success,Unknown Speaker,The Word Of God Tabernacle,https://www.youtube.com/watch?v=5LpOEcyqaJI,2026-01-07,Unknown,Church Service,,,The Word of God Tabernacle
2022-03-14,Success,Unknown Speaker,The Word Of God Tabernacle,https://www.youtube.com/watch?v=O42gDiNqUH8,2026-01-07,Unknown,Church Service,,,The Word of God Tabernacle
2022-03-06,Success,Unknown Speaker,The Word Of God Tabernacle,https://www.youtube.com/watch?v=4QGMpT5Gwu0,2026-01-07,Unknown,Church Service,,,The Word of God Tabernacle
2022-02-27,Success,Unknown Speaker,The Word Of God Tabernacle,https://www.youtube.com/watch?v=X1Gsysz0r6E,2026-01-07,Unknown,Church Service,,,The Word of God Tabernacle
2022-02-20,No Transcript,Roger Collins,The Word Of God Tabernacle - Sunday Morning - 2/20/2022 - Guest Minister: Roger Collins,https://www.youtube.com/watch?v=LLBvwVnI7g0,2026-01-04,Unknown,Church Service,"The Word Of God Tabernacle - Sunday Morning - 2/20/2022 - Guest Minister: Roger Collins   Please excuse the quality of some parts of this stream, we are aware of an issue with video delay in relation to audio, as well as what sounds like static and distortion. We are working to resolve these issues.",150,The Word of God Tabernacle
2022-02-13,Success,Unknown Speaker,The Word Of God Tabernacle,https://www.youtube.com/watch?v=HFBBBCOi-5U,2026-01-07,Unknown,Church Service,,,The Word of God Tabernacle
2022-02-06,Success,Unknown Speaker,The Word Of God Tabernacle,https://www.youtube.com/watch?v=K8ngNgDaTT4,2026-01-07,Unknown,Church Service,,,The Word of God Tabernacle
2022-01-30,Success,Unknown Speaker,The Word Of God Tabernacle,https://www.youtube.com/watch?v=CuXvvugkwu8,2026-01-07,Unknown,Church Service,,,The Word of God Tabernacle
2022-01-23,Success,Unknown Speaker,The Word Of God Tabernacle,https://www.youtube.com/watch?v=blvoiQIcFXE,2026-01-07,Unknown,Church Service,,,The Word of God Tabernacle
2022-01-17,No Transcript,Unknown Speaker,The Word Of God Tabernacle - Sunday Morning - 1/16/2022 - A Man Who Can Turn On The Light,https://www.youtube.com/watch?v=TzkMEgpdahA,2026-01-04,Unknown,Church Service,"The Word Of God Tabernacle - Sunday Morning - 1/16/2022 - A Man Who Can Turn On The Light   Please excuse the quality of some parts of this stream, we are aware of an issue with video delay in relation to audio, as well as what sounds like static and distortion. We are working to resolve these issues.",154,The Word of God Tabernacle
2022-01-09,Success,Unknown Speaker,The Word Of God Tabernacle,https://www.youtube.com/watch?v=MdoLrhouJnk,2026-01-07,Unknown,Church Service,,,The Word of God Tabernacle
2022-01-02,Success,Unknown Speaker,The Word Of God Tabernacle,https://www.youtube.com/watch?v=frmECGkd6t8,2026-01-07,Unknown,Church Service,,,The Word of God Tabernacle
2021-12-26,Success,Unknown Speaker,The Word Of God Tabernacle,https://www.youtube.com/watch?v=E_sBWIZvOuc,2026-01-07,Unknown,Church Service,,,The Word of God Tabernacle
2021-12-19,No Transcript,Unknown Speaker,The Word Of God Tabernacle - Sunday Morning - 12/19/2021 - God's Peace - A Christmas Message,https://www.youtube.com/watch?v=3nfYz1grq3g,2026-01-04,Unknown,Christmas Program,"The Word Of God Tabernacle - Sunday Morning - 12/19/2021 - God's Peace - A Christmas Message   Please excuse the quality of some parts of this stream, we are aware of an issue with video delay in relation to audio, as well as what sounds like static and distortion. We are working to resolve these issues.",123,The Word of God Tabernacle
2021-12-12,Success,Unknown Speaker,The Word Of God Tabernacle,https://www.youtube.com/watch?v=39qK3fDQOio,2026-01-07,Unknown,Church Service,,,The Word of God Tabernacle
2021-12-08,No Transcript,Unknown Speaker,The Word Of God Tabernacle - Wednesday Evening - 12/08/2021,https://www.youtube.com/watch?v=NVgj-pWNVC4,2026-01-04,Unknown,Church Service,"The Word Of God Tabernacle - Wednesday Evening - 12/08/2021   Please excuse the quality of some parts of this stream, we are aware of an issue with video delay in relation to audio, as well as what sounds like static and distortion. We are working to resolve these issues.",92,The Word of God Tabernacle
2021-11-21,No Transcript,Unknown Speaker,The Word Of God Tabernacle - Sunday Morning - 11/21/2021,https://www.youtube.com/watch?v=A_PVf3UT5Zs,2026-01-04,Unknown,Church Service,"The Word Of God Tabernacle - Sunday Morning - 11/21/2021   Please excuse the quality of some parts of this stream, due to our location we are running off of cellular hotspot which can cause portions of the stream to be choppy.",102,The Word of God Tabernacle
2021-11-14,Success,Unknown Speaker,The Word Of God Tabernacle,https://www.youtube.com/watch?v=Fo0nR5nGrQg,2026-01-07,Unknown,Church Service,,,The Word of God Tabernacle
2021-11-10,Success,Unknown Speaker,The Word Of God Tabernacle - Wednesday Evening - 11/10/2021,https://www.youtube.com/watch?v=wgrYAV26g7M,2026-01-04,English,Church Service,"The Word Of God Tabernacle - Wednesday Evening - 11/10/2021   Please excuse the quality of some parts of this stream, due to our location we are running off of cellular hotspot which can cause portions of the stream to be choppy.",20,The Word of God Tabernacle
2021-11-10,Success,Unknown Speaker,The Word Of God Tabernacle,https://www.youtube.com/watch?v=c6f8pBWIDAQ,2026-01-07,Unknown,Church Service,,,The Word of God Tabernacle
2021-11-07,Success,Unknown Speaker,The Word Of God Tabernacle,https://www.youtube.com/watch?v=7AzdSI3hG3U,2026-01-07,Unknown,Church Service,,,The Word of God Tabernacle
2021-11-07,Success,Unknown Speaker,The Word Of God Tabernacle,https://www.youtube.com/watch?v=CVMPpjB00EA,2026-01-07,Unknown,Church Service,,,The Word of God Tabernacle
2021-11-03,Success,Unknown Speaker,The Word Of God Tabernacle,https://www.youtube.com/watch?v=wnUloWLn5Hc,2026-01-07,Unknown,Church Service,,,The Word of God Tabernacle
2021-10-31,Success,Unknown Speaker,The Word Of God Tabernacle,https://www.youtube.com/watch?v=iyGy-mRi-rw,2026-01-07,Unknown,Church Service,,,The Word of God Tabernacle
2021-10-27,Success,Unknown Speaker,The Word Of God Tabernacle,https://www.youtube.com/watch?v=pzSzkdeoJU8,2026-01-07,Unknown,Church Service,,,The Word of God Tabernacle
2021-10-20,Success,Unknown Speaker,The Word Of God Tabernacle,https://www.youtube.com/watch?v=QtCM5NnJ1Sc,2026-01-07,Unknown,Church Service,,,The Word of God Tabernacle
2021-10-17,Success,Unknown Speaker,The Word Of God Tabernacle,https://www.youtube.com/watch?v=DEo2-8a0ij0,2026-01-07,Unknown,Church Service,,,The Word of God Tabernacle
2021-10-16,No Transcript,Unknown Speaker,The Word Of God Tabernacle - Angel Fraijo Jr. Memorial - 10/16/2021,https://www.youtube.com/watch?v=1IsevsVrzSM,2026-01-04,Unknown,Memorial Service,"The Word Of God Tabernacle - Angel Fraijo Jr. Memorial -  10/16/2021   Please excuse the quality of some parts of this stream, due to our location we are running off of cellular hotspot which can cause portions of the stream to be choppy.",100,The Word of God Tabernacle
2021-10-10,Success,Unknown Speaker,The Word Of God Tabernacle,https://www.youtube.com/watch?v=Q1NRr1_WvQY,2026-01-07,Unknown,Church Service,,,The Word of God Tabernacle
2021-10-04,Success,Unknown Speaker,The Word Of God Tabernacle,https://www.youtube.com/watch?v=rhTGUzVsih4,2026-01-07,Unknown,Church Service,,,The Word of God Tabernacle
2021-09-27,Success,Unknown Speaker,The Word Of God Tabernacle,https://www.youtube.com/watch?v=ucVlBPWlDLI,2026-01-07,Unknown,Church Service,,,The Word of God Tabernacle
2021-09-20,Success,Unknown Speaker,The Word Of God Tabernacle,https://www.youtube.com/watch?v=dASLvVrUnFM,2026-01-07,Unknown,Church Service,,,The Word of God Tabernacle
2021-09-06,Success,Unknown Speaker,The Word Of God Tabernacle,https://www.youtube.com/watch?v=koFvtDHwtdg,2026-01-07,Unknown,Church Service,,,The Word of God Tabernacle
2021-08-30,Success,Unknown Speaker,The Word Of God Tabernacle,https://www.youtube.com/watch?v=51MEjMgRNIU,2026-01-07,Unknown,Church Service,,,The Word of God Tabernacle
2021-08-23,Success,Unknown Speaker,The Word Of God Tabernacle,https://www.youtube.com/watch?v=B_3hdCIR9eg,2026-01-07,Unknown,Church Service,,,The Word of God Tabernacle
2021-08-09,Success,Unknown Speaker,The Word Of God Tabernacle,https://www.youtube.com/watch?v=8pl9XcYNuN0,2026-01-07,Unknown,Church Service,,,The Word of God Tabernacle
2021-08-02,Success,Unknown Speaker,The Word Of God Tabernacle,https://www.youtube.com/watch?v=qYByHTPRupw,2026-01-07,Unknown,Church Service,,,The Word of God Tabernacle
2021-07-26,No Transcript,Unknown Speaker,The Word Of God Tabernacle - Sunday Morning Service - The Rapture: Part 8 - 7/25/2021,https://www.youtube.com/watch?v=mRAU8ktMam4,2026-01-04,Unknown,Church Service,"The Word Of God Tabernacle - Sunday Morning Service - The Rapture: Part 8 - The Last Days - 7/25/2021  Please excuse the quality of some parts of this stream, due to our location we are running off of cellular hotspot which can cause portions of the stream to be choppy.",114,The Word of God Tabernacle
2021-07-19,Success,Unknown Speaker,The Word Of God Tabernacle,https://www.youtube.com/watch?v=yGN_wQ6T6ng,2026-01-07,Unknown,Church Service,,,The Word of God Tabernacle
2021-06-28,Success,Unknown Speaker,The Word Of God Tabernacle,https://www.youtube.com/watch?v=hkGwcDcK6YA,2026-01-07,Unknown,Church Service,,,The Word of God Tabernacle
2021-06-21,Success,Unknown Speaker,The Word Of God Tabernacle,https://www.youtube.com/watch?v=UOdLh37rj50,2026-01-07,Unknown,Church Service,,,The Word of God Tabernacle
2021-06-14,Success,Unknown Speaker,The Word Of God Tabernacle,https://www.youtube.com/watch?v=a5kw0ZYFwMU,2026-01-07,Unknown,Church Service,,,The Word of God Tabernacle
2021-06-07,Success,Unknown Speaker,The Word Of God Tabernacle,https://www.youtube.com/watch?v=UC020cCTd4U,2026-01-07,Unknown,Church Service,,,The Word of God Tabernacle
2021-05-31,Success,Unknown Speaker,The Word Of God Tabernacle,https://www.youtube.com/watch?v=6d_9kO1tY20,2026-01-07,Unknown,Church Service,,,The Word of God Tabernacle
2021-05-17,Success,Unknown Speaker,The Word Of God Tabernacle,https://www.youtube.com/watch?v=l5KmvNyEPaY,2026-01-07,Unknown,Church Service,,,The Word of God Tabernacle
2021-05-10,Success,Unknown Speaker,The Word Of God Tabernacle,https://www.youtube.com/watch?v=dorauzEH-uA,2026-01-07,Unknown,Church Service,,,The Word of God Tabernacle
2021-05-03,No Transcript,Unknown Speaker,The Word Of God Tabernacle - Sunday Morning Service - Freewill: Part 4 - 5/2/2021,https://www.youtube.com/watch?v=5dFE_f_uxPo,2026-01-04,Unknown,Church Service,"The Word Of God Tabernacle - Sunday Morning Service - Freewill: Part 4 - 5/2/2021  Please excuse the quality of some parts of this stream, due to our location we are running off of cellular hotspot which can cause portions of the stream to be choppy.",123,The Word of God Tabernacle
2021-04-26,No Transcript,Unknown Speaker,The Word Of God Tabernacle - Sunday Morning Service - Freewill: Part 3 - 4/25/2021,https://www.youtube.com/watch?v=EuARjmiiTOA,2026-01-04,Unknown,Church Service,"The Word Of God Tabernacle - Sunday Morning Service - Freewill: Part 3 - 4/25/2021  Please excuse the quality of some parts of this stream, due to our location we were running off of cellular hotspot which caused portions of the stream to be choppy.",126,The Word of God Tabernacle
2021-04-19,Success,Unknown Speaker,The Word Of God Tabernacle,https://www.youtube.com/watch?v=NNyMUZ4KjfY,2026-01-07,Unknown,Church Service,,,The Word of God Tabernacle
2021-04-12,Success,Unknown Speaker,The Word Of God Tabernacle,https://www.youtube.com/watch?v=sx9fyCxJdLo,2026-01-07,Unknown,Church Service,,,The Word of God Tabernacle
2021-04-05,No Transcript,Unknown Speaker,The Word Of God Tabernacle - Sunday Morning Service - Conquered - 4/4/2021,https://www.youtube.com/watch?v=chzV_sry5vs,2026-01-04,Unknown,Church Service,"The Word Of God Tabernacle - Sunday Morning Service - Conquered - 4/4/2021  Please excuse the quality of some parts of this stream, due to our location we were running off of cellular hotspot which caused portions of the stream to be choppy.",126,The Word of God Tabernacle
2021-03-29,Success,Unknown Speaker,The Word Of God Tabernacle,https://www.youtube.com/watch?v=CqEJXjmGjLM,2026-01-07,Unknown,Church Service,,,The Word of God Tabernacle
2021-03-22,Success,Unknown Speaker,The Word Of God Tabernacle,https://www.youtube.com/watch?v=qJd4zOlAnaw,2026-01-07,Unknown,Church Service,,,The Word of God Tabernacle
2021-03-15,Success,Unknown Speaker,The Word Of God Tabernacle,https://www.youtube.com/watch?v=oDNZdfjt9Yc,2026-01-07,Unknown,Church Service,,,The Word of God Tabernacle
2021-03-07,Success,Unknown Speaker,The Word Of God Tabernacle,https://www.youtube.com/watch?v=Y42IbhFvtFA,2026-01-07,Unknown,Church Service,,,The Word of God Tabernacle
2021-02-28,Success,Unknown Speaker,The Word Of God Tabernacle,https://www.youtube.com/watch?v=YFLy-jKX8Y0,2026-01-07,Unknown,Church Service,,,The Word of God Tabernacle
2021-02-15,Success,Unknown Speaker,The Word Of God Tabernacle,https://www.youtube.com/watch?v=JBLUGbe4y0U,2026-01-07,Unknown,Church Service,,,The Word of God Tabernacle
2021-02-07,Success,Unknown Speaker,The Word Of God Tabernacle,https://www.youtube.com/watch?v=Bm1b_QGy6Sk,2026-01-07,Unknown,Church Service,,,The Word of God Tabernacle
2021-02-01,Success,Unknown Speaker,The Word Of God Tabernacle,https://www.youtube.com/watch?v=hzwRoNQWbGc,2026-01-07,Unknown,Church Service,,,The Word of God Tabernacle
2021-01-17,Success,Unknown Speaker,The Word Of God Tabernacle,https://www.youtube.com/watch?v=yLHf8DJezWg,2026-01-07,Unknown,Church Service,,,The Word of God Tabernacle
2021-01-04,Success,Unknown Speaker,The Word Of God Tabernacle,https://www.youtube.com/watch?v=M2DCV5SxHZI,2026-01-07,Unknown,Church Service,,,The Word of God Tabernacle
2020-12-27,Success,Unknown Speaker,The Word Of God Tabernacle,https://www.youtube.com/watch?v=iM0IWdJqf4g,2026-01-07,Unknown,Church Service,,,The Word of God Tabernacle
2020-12-20,Success,Unknown Speaker,The Word Of God Tabernacle,https://www.youtube.com/watch?v=5K2Y5fwc9g4,2026-01-07,Unknown,Church Service,,,The Word of God Tabernacle
2020-12-13,Success,Unknown Speaker,The Word Of God Tabernacle,https://www.youtube.com/watch?v=a8XCjeNUHoA,2026-01-07,Unknown,Church Service,,,The Word of God Tabernacle
2020-12-07,Success,Unknown Speaker,The Word Of God Tabernacle,https://www.youtube.com/watch?v=1CpOAbB3xAM,2026-01-07,Unknown,Church Service,,,The Word of God Tabernacle
2020-11-29,Success,Unknown Speaker,The Word Of God Tabernacle,https://www.youtube.com/watch?v=MzRUuy_dg4A,2026-01-07,Unknown,Church Service,,,The Word of God Tabernacle
2020-11-22,Success,Unknown Speaker,The Word Of God Tabernacle,https://www.youtube.com/watch?v=PrP2JALqC3Y,2026-01-07,Unknown,Church Service,,,The Word of God Tabernacle
2020-11-15,Success,Unknown Speaker,The Word Of God Tabernacle,https://www.youtube.com/watch?v=wTzdfxkXzco,2026-01-07,Unknown,Church Service,,,The Word of God Tabernacle
2020-11-08,Success,Unknown Speaker,The Word Of God Tabernacle,https://www.youtube.com/watch?v=xbgBKCDW7oo,2026-01-07,Unknown,Church Service,,,The Word of God Tabernacle
2020-11-01,Success,Unknown Speaker,The Word Of God Tabernacle,https://www.youtube.com/watch?v=o1BgwiTtNi8,2026-01-07,Unknown,Church Service,,,The Word of God Tabernacle
2020-10-25,Success,Unknown Speaker,The Word Of God Tabernacle,https://www.youtube.com/watch?v=wH7jtVt99q0,2026-01-07,Unknown,Church Service,,,The Word of God Tabernacle
2020-10-18,Success,Unknown Speaker,The Word Of God Tabernacle,https://www.youtube.com/watch?v=VmeYm9ESMIk,2026-01-07,Unknown,Church Service,,,The Word of God Tabernacle
2020-10-11,Success,Unknown Speaker,The Word Of God Tabernacle,https://www.youtube.com/watch?v=LaxKSxL35rM,2026-01-07,Unknown,Church Service,,,The Word of God Tabernacle
2020-10-05,No Transcript,Unknown Speaker,The Word Of God Tabernacle - Sunday Morning Service 10/4/20 - The Enforcement Of The Restoration,https://www.youtube.com/watch?v=JaaSWIW87HI,2026-01-04,Unknown,Church Service,The Word Of God Tabernacle - Sunday Morning Service 10/4/2020 - The Enforcement Of The Restoration,108,The Word of God Tabernacle
2020-09-28,Success,Unknown Speaker,The Word Of God Tabernacle,https://www.youtube.com/watch?v=fdpJDYUdJ8s,2026-01-07,Unknown,Church Service,,,The Word of God Tabernacle
2020-09-13,Success,Unknown Speaker,The Word Of God Tabernacle,https://www.youtube.com/watch?v=zasx9O6XKCE,2026-01-07,Unknown,Church Service,,,The Word of God Tabernacle
2020-09-06,Success,Unknown Speaker,The Word Of God Tabernacle,https://www.youtube.com/watch?v=AdWe9H9p2Kg,2026-01-07,Unknown,Church Service,,,The Word of God Tabernacle
2020-08-31,Success,Unknown Speaker,Sunday Morning Service 83020,https://www.youtube.com/watch?v=cOcMGEmCuj8,2026-01-07,Unknown,Church Service,,,The Word of God Tabernacle
2020-08-24,Success,Unknown Speaker,Sunday Morning Service 82320,https://www.youtube.com/watch?v=uW-vI-w62sY,2026-01-07,Unknown,Church Service,,,The Word of God Tabernacle
2020-08-17,Success,Unknown Speaker,Sunday Morning Service 81620,https://www.youtube.com/watch?v=-Rtdqzq5EAY,2026-01-07,Unknown,Church Service,,,The Word of God Tabernacle
2020-08-10,Success,Unknown Speaker,Sunday Morning Service 80920,https://www.youtube.com/watch?v=pkDZT3ITWcg,2026-01-07,Unknown,Church Service,,,The Word of God Tabernacle
2020-08-03,Success,Unknown Speaker,Sunday Morning Service 80220,https://www.youtube.com/watch?v=NSv7Ad0_ah4,2026-01-07,Unknown,Church Service,,,The Word of God Tabernacle
2020-07-27,Success,Unknown Speaker,Sunday Morning Service 72620,https://www.youtube.com/watch?v=zUpPpkNNzto,2026-01-07,Unknown,Church Service,,,The Word of God Tabernacle
2020-07-20,Success,Unknown Speaker,Sunday Morning Service 71920,https://www.youtube.com/watch?v=A74hifm_pPI,2026-01-07,Unknown,Church Service,,,The Word of God Tabernacle
2020-07-13,Success,Unknown Speaker,Sunday Morning Service 71220,https://www.youtube.com/watch?v=DOOtcyt8yG4,2026-01-07,Unknown,Church Service,,,The Word of God Tabernacle
2020-07-06,Success,Unknown Speaker,Sunday Morning Service 70520,https://www.youtube.com/watch?v=L8jvzUDsNRU,2026-01-07,Unknown,Church Service,,,The Word of God Tabernacle
2020-06-29,Success,Unknown Speaker,Sunday Morning Service 62820,https://www.youtube.com/watch?v=WyBRjC0ZO0Q,2026-01-07,Unknown,Church Service,,,The Word of God Tabernacle
2020-06-21,Success,Unknown Speaker,Sunday Morning Service 62120,https://www.youtube.com/watch?v=1UJBlJX4-cs,2026-01-07,Unknown,Church Service,,,The Word of God Tabernacle
2020-06-14,Success,Unknown Speaker,Sunday Morning Service 61420,https://www.youtube.com/watch?v=iOPCv1R4aio,2026-01-07,Unknown,Church Service,,,The Word of God Tabernacle
2020-06-08,Success,Unknown Speaker,The Word Of God Tabernacle,https://www.youtube.com/watch?v=uyUo_wFVNls,2026-01-07,Unknown,Church Service,,,The Word of God Tabernacle
2020-05-25,Success,Unknown Speaker,Sunday Afternoon Service 5242020,https://www.youtube.com/watch?v=0oPzJleTCn8,2026-01-04,Unknown,Church Service,,,The Word of God Tabernacle
2020-05-18,Success,Unknown Speaker,Sunday Afternoon Service 5172020,https://www.youtube.com/watch?v=19b57_g2rxc,2026-01-07,Unknown,Church Service,,,The Word of God Tabernacle
2020-05-11,Success,Unknown Speaker,Sunday Afternoon 5102020,https://www.youtube.com/watch?v=X1wh-L_R7iU,2026-01-07,Unknown,Church Service,,,The Word of God Tabernacle
2020-05-03,Success,Unknown Speaker,Sunday Afternoon Service 532020,https://www.youtube.com/watch?v=VCH_J_AcjVw,2026-01-07,Unknown,Church Service,,,The Word of God Tabernacle
2020-04-26,Success,Unknown Speaker,Sunday Afternoon Service 4262020,https://www.youtube.com/watch?v=1SI36ce8kzc,2026-01-07,Unknown,Church Service,,,The Word of God Tabernacle
2020-04-19,Success,Unknown Speaker,Sunday Afternoon Service 4192020,https://www.youtube.com/watch?v=iu_lvxwmuWM,2026-01-07,Unknown,Church Service,,,The Word of God Tabernacle
2020-04-12,Success,Unknown Speaker,Sunday Afternoon Service 4122020,https://www.youtube.com/watch?v=VM8Ktdkt8U4,2026-01-07,Unknown,Church Service,,,The Word of God Tabernacle
2020-04-05,Success,Unknown Speaker,Sunday Afternoon Service 452020,https://www.youtube.com/watch?v=UiDllM_Y7MI,2026-01-07,Unknown,Church Service,,,The Word of God Tabernacle
2020-03-29,Success,Unknown Speaker,Sunday Afternoon Service 3292020,https://www.youtube.com/watch?v=_IQXEvWovPg,2026-01-07,Unknown,Church Service,,,The Word of God Tabernacle
2021-12-05,Success,Unknown Speaker,The Word Of God Tabernacle,https://www.youtube.com/watch?v=nikHqaRiSvI,2026-01-07,Unknown,Church Service,,,The Word of God Tabernacle
2021-11-28,Success,Unknown Speaker,The Word Of God Tabernacle,https://www.youtube.com/watch?v=KYD6AI_cwZw,2026-01-07,Unknown,Church Service,,,The Word of God Tabernacle
2021-12-01,Success,Unknown Speaker,The Word Of God Tabernacle,https://www.youtube.com/watch?v=nNSRb4miEl8,2026-01-07,Unknown,Church Service,,,The Word of God Tabernacle
2021-10-24,Success,Unknown Speaker,The Word Of God Tabernacle,https://www.youtube.com/watch?v=pWrreL24lC0,2026-01-07,Unknown,Church Service,,,The Word of God Tabernacle
2021-10-13,Success,Unknown Speaker,The Word Of God Tabernacle,https://www.youtube.com/watch?v=uJWUACCG-X8,2026-01-07,Unknown,Church Service,,,The Word of God Tabernacle
2021-09-12,Success,Unknown Speaker,The Word of God Tabernacle,https://www.youtube.com/watch?v=30iim4uSZKM,2026-01-07,Unknown,Church Service,,,The Word of God Tabernacle
2021-07-11,Success,Unknown Speaker,The Word of God Tabernacle,https://www.youtube.com/watch?v=FyzCQjvyeAg,2026-01-07,Unknown,Church Service,,,The Word of God Tabernacle
2021-07-13,Success,Unknown Speaker,The Word Of God Tabernacle,https://www.youtube.com/watch?v=g_HGHoPNdPs,2026-01-07,Unknown,Church Service,,,The Word of God Tabernacle
2021-02-22,No Transcript,Unknown Speaker,The Word Of God Tabernacle - Sunday Morning Service - The Fitted Garment: Part 1 - 2/21/2021,https://www.youtube.com/watch?v=VcN661upY84,2026-01-04,Unknown,Church Service,"The Word Of God Tabernacle - Sunday Morning Service - The Fitted Garment: Part 1 - 2/21/2021 Due to technical difficulties the beginning of the service did not have audio, and was trimmed from this video. During the first part of the sermon the laptop being used began to indicate that there was no internet, so there is a rocky start to the message, but smooths out after a few minutes.",86,The Word of God Tabernacle
2021-01-10,Success,Unknown Speaker,The Word Of God Tabernacle,https://www.youtube.com/watch?v=QYlXpaET3xk,2026-01-07,Unknown,Church Service,,,The Word of God Tabernacle
2020-09-21,Success,Unknown Speaker,Sunday Morning Service 9212020,https://www.youtube.com/watch?v=inrXYLbkLlk,2026-01-07,Unknown,Church Service,,,The Word of God Tabernacle
2020-04-19,Success,Unknown Speaker,The Word Of God Tabernacle,https://www.youtube.com/watch?v=gWJtBlxnuSY,2026-01-07,Unknown,Church Service,,,The Word of God Tabernacle
